time_s,frame_id,elevation_deg,user_id,beam_id,path_loss_dB,sinr_dB,snr_dB,beam_gain_dB
385.370000000,38537,89.997547754,0,10,178.131545250,3.884469634,136.585633643,56.857078644
385.370000000,38537,89.997547754,1,4,178.133920820,19.185069258,144.740242444,59.836909846
385.370000000,38537,89.997547754,2,18,178.179943644,16.694490373,140.246843480,59.482058451
385.370000000,38537,89.997547754,3,6,178.178163320,30.248762542,139.627514521,60.309272179
385.370000000,38537,89.997547754,4,3,178.221451570,18.567092084,130.493115803,54.167928917
385.370000000,38537,89.997547754,5,7,178.233184735,22.117335008,132.419446957,54.914176460
385.370000000,38537,89.997547754,6,14,178.111789357,-1.737120147,132.615798076,55.175088609
385.370000000,38537,89.997547754,7,9,178.104325041,18.083118011,141.212941341,59.653512634
385.370000000,38537,89.997547754,8,17,178.157108264,19.746985634,141.903744835,59.895615941
385.370000000,38537,89.997547754,9,1,178.237763615,8.120458425,122.157125527,49.658372742
385.370000000,38537,89.997547754,10,18,178.186245471,4.059312792,138.050535074,56.938563226
385.370000000,38537,89.997547754,11,9,178.106895385,6.315757407,140.255191576,57.648726409
385.370000000,38537,89.997547754,12,0,178.228572255,14.297916443,130.899376013,54.141339714
385.370000000,38537,89.997547754,13,17,178.188629155,20.007891189,140.583812364,58.945821159
385.370000000,38537,89.997547754,14,12,178.177076502,13.236362354,142.328633602,58.842464715
385.370000000,38537,89.997547754,15,5,178.147697428,2.121730382,133.400892045,56.470949744
385.370000000,38537,89.997547754,16,16,178.238970860,25.812988583,131.619600087,54.471596790
385.370000000,38537,89.997547754,17,2,178.163852592,1.261568874,132.780688465,56.291635642
385.370000000,38537,89.997547754,18,11,178.238656251,32.051353959,133.122437503,55.479311138
385.370000000,38537,89.997547754,19,3,178.208055410,18.708635101,137.120329945,56.473151745
385.370000000,38537,89.997547754,20,12,178.157357163,20.793394746,143.547612585,60.006284430
385.370000000,38537,89.997547754,21,2,178.217307762,20.775725386,138.034344148,57.264473609
385.370000000,38537,89.997547754,22,7,178.216051346,37.643415305,145.208357382,59.283046779
385.370000000,38537,89.997547754,23,15,178.182809334,0.915074365,137.736331868,56.291887331
385.370000000,38537,89.997547754,24,17,178.163170118,10.682554673,140.465206187,58.483630508
385.370000000,38537,89.997547754,25,5,178.125229031,18.809274292,141.818184095,59.759042793
385.370000000,38537,89.997547754,26,16,178.186894582,23.632013110,141.036090169,60.186558903
385.370000000,38537,89.997547754,27,6,178.141177564,5.604563611,137.022553969,57.339267822
385.370000000,38537,89.997547754,28,1,178.162876081,16.933341291,137.908950720,59.518996599
385.370000000,38537,89.997547754,29,9,178.108644671,1.940217930,137.357323439,56.282738554
385.370000000,38537,89.997547754,30,4,178.138415950,6.448956679,139.426364947,57.745882240
385.370000000,38537,89.997547754,31,17,178.160544134,8.313310728,139.878964137,57.968517986
385.370000000,38537,89.997547754,32,11,178.157792996,0.476030459,136.014409212,55.915791428
385.370000000,38537,89.997547754,33,15,178.200454955,30.952917571,137.770704803,58.260576715
385.370000000,38537,89.997547754,34,2,178.238764904,43.656195342,138.597121247,56.534105728
385.370000000,38537,89.997547754,35,6,178.186990113,1.234465184,134.317843695,56.145922884
385.370000000,38537,89.997547754,36,15,178.238899682,0.282662581,118.823553354,48.160678663
385.370000000,38537,89.997547754,37,8,178.143358956,3.501888433,136.919542299,57.009472273
385.370000000,38537,89.997547754,38,16,178.157898050,4.122064713,136.838305910,57.179391401
385.370000000,38537,89.997547754,39,13,178.151670503,1.265616249,133.575955969,56.605835044
385.370000000,38537,89.997547754,40,5,178.124150644,18.920032587,143.594757814,59.773884946
385.370000000,38537,89.997547754,41,2,178.227916116,3.591127925,128.500926499,51.473896110
385.370000000,38537,89.997547754,42,3,178.149266943,13.886130378,140.029178434,59.039549469
385.370000000,38537,89.997547754,43,11,178.159964230,2.371149199,134.235952956,56.465381887
385.370000000,38537,89.997547754,44,2,178.164134067,-0.081467154,135.693386667,55.972157613
385.370000000,38537,89.997547754,45,9,178.107175193,6.247901565,139.036795112,57.426851869
385.370000000,38537,89.997547754,46,10,178.141926368,11.063146496,139.795261298,58.580101443
385.370000000,38537,89.997547754,47,18,178.205924209,2.788900255,130.814745079,54.787592400
385.370000000,38537,89.997547754,48,14,178.143434784,7.386518790,135.585325242,57.766952768
385.370000000,38537,89.997547754,49,15,178.180860481,6.159613126,138.379242369,57.488667550
385.370000000,38537,89.997547754,50,5,178.117786747,8.018733300,137.002793372,57.977535610
385.370000000,38537,89.997547754,51,3,178.163836448,12.280504369,140.657906664,58.783601794
385.370000000,38537,89.997547754,52,0,178.221945452,26.043666534,133.512892174,57.425950937
385.370000000,38537,89.997547754,53,15,178.167038346,7.259510267,137.068721936,57.855415612
385.370000000,38537,89.997547754,54,4,178.111218953,6.176353452,140.472510265,57.604038254
385.370000000,38537,89.997547754,55,13,178.145633021,3.005720617,133.580731815,56.780860453
385.370000000,38537,89.997547754,56,6,178.155406573,5.411027587,135.750480986,57.279211005
385.370000000,38537,89.997547754,57,2,178.226561202,9.238912560,129.419298912,53.280438926
385.370000000,38537,89.997547754,58,2,178.211164770,37.767249572,142.188749496,59.765462991
385.370000000,38537,89.997547754,59,10,178.119513285,3.099729912,136.795972921,56.963119513
385.370000000,38537,89.997547754,60,6,178.224282526,11.240382463,128.154726178,52.850493842
385.370000000,38537,89.997547754,61,10,178.116228068,15.545374461,141.757968409,59.276278608
385.370000000,38537,89.997547754,62,17,178.152132994,16.492666070,141.238030877,59.456050534
385.370000000,38537,89.997547754,63,6,178.192794224,9.651260655,140.187350379,57.275998691
385.370000000,38537,89.997547754,64,1,178.218506569,1.088299858,127.746160357,52.311940087
385.370000000,38537,89.997547754,65,3,178.174639146,14.122322301,144.604203293,59.041568778
385.370000000,38537,89.997547754,66,11,178.204152731,33.097991781,141.595759117,60.088816251
385.370000000,38537,89.997547754,67,11,178.217942409,15.770095822,135.484087248,56.219791189
385.370000000,38537,89.997547754,68,2,178.164570676,9.234342734,139.641831286,58.208513738
385.370000000,38537,89.997547754,69,11,178.232023388,43.718292549,139.107378853,57.564026485
385.370000000,38537,89.997547754,70,3,178.207252110,6.780279630,132.861741962,55.078015080
385.370000000,38537,89.997547754,71,15,178.143218219,4.865213512,140.115715817,57.359785415
385.370000000,38537,89.997547754,72,9,178.103549156,23.602144036,144.070125992,60.254395823
385.370000000,38537,89.997547754,73,9,178.106506093,7.739629473,138.728084704,57.959234597
385.370000000,38537,89.997547754,74,6,178.236381030,21.832862063,126.330852228,51.332104382
385.370000000,38537,89.997547754,75,3,178.154031172,15.358289927,139.681379466,59.328205200
385.370000000,38537,89.997547754,76,2,178.168319975,3.066000082,138.274062583,56.876836791
385.370000000,38537,89.997547754,77,0,178.165289252,10.462330326,139.773774758,58.489753391
385.370000000,38537,89.997547754,78,2,178.229895010,2.726048485,127.158397460,50.835722881
385.370000000,38537,89.997547754,79,12,178.207859260,6.187267793,130.757064882,54.887539136
385.370000000,38537,89.997547754,80,17,178.176573431,20.880339797,142.857129484,59.786045451
385.370000000,38537,89.997547754,81,12,178.186415325,20.063879711,141.775839338,59.137071919
385.370000000,38537,89.997547754,82,14,178.131289936,3.745467720,136.477958319,56.811786533
385.370000000,38537,89.997547754,83,3,178.171422979,11.941013410,140.560641057,58.751837016
385.370000000,38537,89.997547754,84,10,178.122981088,2.653965418,136.692566771,56.798922172
385.370000000,38537,89.997547754,85,7,178.210883526,7.344943834,134.387750831,55.325884299
385.370000000,38537,89.997547754,86,5,178.129775017,4.374876632,138.865359370,56.962866058
385.370000000,38537,89.997547754,87,16,178.227713105,24.889356679,135.475213850,56.336013888
385.370000000,38537,89.997547754,88,1,178.186657401,19.353179108,137.392969920,59.055661310
385.370000000,38537,89.997547754,89,8,178.125851918,3.095174472,130.843607386,56.767411875
385.370000000,38537,89.997547754,90,10,178.140052753,5.997646306,137.515128491,57.629851710
385.370000000,38537,89.997547754,91,3,178.166844518,12.213253008,137.945802954,58.795808239
385.370000000,38537,89.997547754,92,15,178.209710054,26.257445699,138.375219510,56.726793606
385.370000000,38537,89.997547754,93,9,178.105731332,11.474704076,138.534468034,58.562377867
385.370000000,38537,89.997547754,94,17,178.205272192,29.902864582,140.884816111,57.549054644
385.370000000,38537,89.997547754,95,9,178.108070929,2.458256792,135.464809551,56.743735379
385.370000000,38537,89.997547754,96,10,178.119584336,7.774849658,139.304192283,57.971658088
385.370000000,38537,89.997547754,97,3,178.202878712,3.739941586,134.035554342,55.135716032
385.370000000,38537,89.997547754,98,13,178.124580093,8.732853257,139.622958004,58.085322386
385.370000000,38537,89.997547754,99,16,178.185617880,9.973317943,140.819553260,58.250614384
