time_s,sat_x_m,sat_y_m,sat_z_m,elevation_deg
0.000000000,2829346.214233954,0.000000000,0.000000000,0.000000000
1.000000000,2822435.247495783,0.000000000,3064.658731774,0.062212921
2.000000000,2815520.961221709,0.000000000,6121.820768455,0.124578700
3.000000000,2808603.363543798,0.000000000,9171.482514436,0.187098463
4.000000000,2801682.462598005,0.000000000,12213.640382936,0.249773350
5.000000000,2794758.266524174,0.000000000,15248.290795997,0.312604510
6.000000000,2787830.783466022,0.000000000,18275.430184492,0.375593105
7.000000000,2780900.021571134,0.000000000,21295.054988127,0.438740306
8.000000000,2773965.988990952,0.000000000,24307.161655447,0.502047299
9.000000000,2767028.693880761,0.000000000,27311.746643839,0.565515277
10.000000000,2760088.144399685,0.000000000,30308.806419536,0.629145449
11.000000000,2753144.348710678,0.000000000,33298.337457621,0.692939033
12.000000000,2746197.314980509,0.000000000,36280.336242035,0.756897260
13.000000000,2739247.051379757,0.000000000,39254.799265573,0.821021374
14.000000000,2732293.566082795,0.000000000,42221.723029897,0.885312631
15.000000000,2725336.867267794,0.000000000,45181.104045534,0.949772298
16.000000000,2718376.963116698,0.000000000,48132.938831883,1.014401657
17.000000000,2711413.861815220,0.000000000,51077.223917218,1.079202000
18.000000000,2704447.571552839,0.000000000,54013.955838691,1.144174634
19.000000000,2697478.100522780,0.000000000,56943.131142342,1.209320879
20.000000000,2690505.456922010,0.000000000,59864.746383093,1.274642067
21.000000000,2683529.648951226,0.000000000,62778.798124762,1.340139545
22.000000000,2676550.684814852,0.000000000,65685.282940059,1.405814673
23.000000000,2669568.572721019,0.000000000,68584.197410595,1.471668824
24.000000000,2662583.320881560,0.000000000,71475.538126888,1.537703386
25.000000000,2655594.937512002,0.000000000,74359.301688357,1.603919760
26.000000000,2648603.430831559,0.000000000,77235.484703338,1.670319362
27.000000000,2641608.809063113,0.000000000,80104.083789081,1.736903623
28.000000000,2634611.080433212,0.000000000,82965.095571755,1.803673988
29.000000000,2627610.253172055,0.000000000,85818.516686456,1.870631916
30.000000000,2620606.335513493,0.000000000,88664.343777201,1.937778882
31.000000000,2613599.335695003,0.000000000,91502.573496945,2.005116377
32.000000000,2606589.261957691,0.000000000,94333.202507576,2.072645906
33.000000000,2599576.122546281,0.000000000,97156.227479918,2.140368989
34.000000000,2592559.925709097,0.000000000,99971.645093744,2.208287164
35.000000000,2585540.679698064,0.000000000,102779.452037772,2.276401984
36.000000000,2578518.392768687,0.000000000,105579.645009670,2.344715017
37.000000000,2571493.073180054,0.000000000,108372.220716063,2.413227850
38.000000000,2564464.729194818,0.000000000,111157.175872532,2.481942083
39.000000000,2557433.369079187,0.000000000,113934.507203622,2.550859335
40.000000000,2550399.001102916,0.000000000,116704.211442847,2.619981244
41.000000000,2543361.633539302,0.000000000,119466.285332687,2.689309461
42.000000000,2536321.274665166,0.000000000,122220.725624601,2.758845658
43.000000000,2529277.932760847,0.000000000,124967.529079022,2.828591522
44.000000000,2522231.616110194,0.000000000,127706.692465368,2.898548761
45.000000000,2515182.333000556,0.000000000,130438.212562039,2.968719097
46.000000000,2508130.091722768,0.000000000,133162.086156428,3.039104275
47.000000000,2501074.900571144,0.000000000,135878.310044920,3.109706056
48.000000000,2494016.767843472,0.000000000,138586.881032897,3.180526220
49.000000000,2486955.701840994,0.000000000,141287.795934740,3.251566566
50.000000000,2479891.710868406,0.000000000,143981.051573840,3.322828914
51.000000000,2472824.803233840,0.000000000,146666.644782588,3.394315102
52.000000000,2465754.987248863,0.000000000,149344.572402394,3.466026989
53.000000000,2458682.271228461,0.000000000,152014.831283680,3.537966453
54.000000000,2451606.663491028,0.000000000,154677.418285890,3.610135393
55.000000000,2444528.172358362,0.000000000,157332.330277488,3.682535729
56.000000000,2437446.806155652,0.000000000,159979.564135966,3.755169402
57.000000000,2430362.573211469,0.000000000,162619.116747848,3.828038375
58.000000000,2423275.481857753,0.000000000,165250.985008691,3.901144629
59.000000000,2416185.540429806,0.000000000,167875.165823089,3.974490172
60.000000000,2409092.757266288,0.000000000,170491.656104677,4.048077031
61.000000000,2401997.140709192,0.000000000,173100.452776139,4.121907255
62.000000000,2394898.699103850,0.000000000,175701.552769202,4.195982917
63.000000000,2387797.440798916,0.000000000,178294.953024649,4.270306114
64.000000000,2380693.374146355,0.000000000,180880.650492318,4.344878964
65.000000000,2373586.507501434,0.000000000,183458.642131106,4.419703611
66.000000000,2366476.849222715,0.000000000,186028.924908974,4.494782220
67.000000000,2359364.407672044,0.000000000,188591.495802947,4.570116984
68.000000000,2352249.191214539,0.000000000,191146.351799124,4.645710118
69.000000000,2345131.208218582,0.000000000,193693.489892674,4.721563862
70.000000000,2338010.467055807,0.000000000,196232.907087847,4.797680484
71.000000000,2330886.976101098,0.000000000,198764.600397969,4.874062275
72.000000000,2323760.743732566,0.000000000,201288.566845454,4.950711553
73.000000000,2316631.778331549,0.000000000,203804.803461803,5.027630662
74.000000000,2309500.088282600,0.000000000,206313.307287609,5.104821973
75.000000000,2302365.681973476,0.000000000,208814.075372556,5.182287885
76.000000000,2295228.567795130,0.000000000,211307.104775431,5.260030823
77.000000000,2288088.754141696,0.000000000,213792.392564120,5.338053242
78.000000000,2280946.249410488,0.000000000,216269.935815613,5.416357622
79.000000000,2273801.062001982,0.000000000,218739.731616012,5.494946475
80.000000000,2266653.200319808,0.000000000,221201.777060527,5.573822341
81.000000000,2259502.672770743,0.000000000,223656.069253488,5.652987788
82.000000000,2252349.487764701,0.000000000,226102.605308340,5.732445416
83.000000000,2245193.653714720,0.000000000,228541.382347651,5.812197855
84.000000000,2238035.179036952,0.000000000,230972.397503115,5.892247766
85.000000000,2230874.072150655,0.000000000,233395.647915557,5.972597838
86.000000000,2223710.341478186,0.000000000,235811.130734930,6.053250797
87.000000000,2216543.995444987,0.000000000,238218.843120325,6.134209397
88.000000000,2209375.042479572,0.000000000,240618.782239974,6.215476426
89.000000000,2202203.491013523,0.000000000,243010.945271247,6.297054705
90.000000000,2195029.349481483,0.000000000,245395.329400662,6.378947090
91.000000000,2187852.626321136,0.000000000,247771.931823887,6.461156467
92.000000000,2180673.329973201,0.000000000,250140.749745741,6.543685761
93.000000000,2173491.468881429,0.000000000,252501.780380198,6.626537930
94.000000000,2166307.051492584,0.000000000,254855.020950391,6.709715966
95.000000000,2159120.086256437,0.000000000,257200.468688617,6.793222900
96.000000000,2151930.581625752,0.000000000,259538.120836336,6.877061798
97.000000000,2144738.546056288,0.000000000,261867.974644179,6.961235763
98.000000000,2137543.988006774,0.000000000,264190.027371944,7.045747935
99.000000000,2130346.915938908,0.000000000,266504.276288610,7.130601494
100.000000000,2123147.338317343,0.000000000,268810.718672331,7.215799658
101.000000000,2115945.263609683,0.000000000,271109.351810443,7.301345684
102.000000000,2108740.700286464,0.000000000,273400.172999467,7.387242868
103.000000000,2101533.656821153,0.000000000,275683.179545112,7.473494548
104.000000000,2094324.141690128,0.000000000,277958.368762276,7.560104103
105.000000000,2087112.163372683,0.000000000,280225.737975053,7.647074953
106.000000000,2079897.730351002,0.000000000,282485.284516736,7.734410560
107.000000000,2072680.851110157,0.000000000,284737.005729814,7.822114430
108.000000000,2065461.534138101,0.000000000,286980.898965983,7.910190112
109.000000000,2058239.787925649,0.000000000,289216.961586145,7.998641200
110.000000000,2051015.620966476,0.000000000,291445.190960411,8.087471331
111.000000000,2043789.041757102,0.000000000,293665.584468105,8.176684189
112.000000000,2036560.058796888,0.000000000,295878.139497768,8.266283505
113.000000000,2029328.680588019,0.000000000,298082.853447158,8.356273056
114.000000000,2022094.915635497,0.000000000,300279.723723259,8.446656666
115.000000000,2014858.772447131,0.000000000,302468.747742275,8.537438210
116.000000000,2007620.259533530,0.000000000,304649.922929641,8.628621608
117.000000000,2000379.385408088,0.000000000,306823.246720023,8.720210833
118.000000000,1993136.158586974,0.000000000,308988.716557324,8.812209909
119.000000000,1985890.587589127,0.000000000,311146.329894678,8.904622910
120.000000000,1978642.680936245,0.000000000,313296.084194463,8.997453963
121.000000000,1971392.447152767,0.000000000,315437.976928301,9.090707246
122.000000000,1964139.894765872,0.000000000,317572.005577058,9.184386994
123.000000000,1956885.032305470,0.000000000,319698.167630851,9.278497495
124.000000000,1949627.868304181,0.000000000,321816.460589047,9.373043093
125.000000000,1942368.411297336,0.000000000,323926.881960270,9.468028188
126.000000000,1935106.669822960,0.000000000,326029.429262402,9.563457238
127.000000000,1927842.652421771,0.000000000,328124.100022584,9.659334758
128.000000000,1920576.367637156,0.000000000,330210.891777221,9.755665322
129.000000000,1913307.824015172,0.000000000,332289.802071989,9.852453567
130.000000000,1906037.030104536,0.000000000,334360.828461827,9.949704187
131.000000000,1898763.994456607,0.000000000,336423.968510951,10.047421940
132.000000000,1891488.725625382,0.000000000,338479.219792849,10.145611647
133.000000000,1884211.232167484,0.000000000,340526.579890292,10.244278192
134.000000000,1876931.522642153,0.000000000,342566.046395329,10.343426525
135.000000000,1869649.605611236,0.000000000,344597.616909291,10.443061661
136.000000000,1862365.489639177,0.000000000,346621.289042799,10.543188682
137.000000000,1855079.183293001,0.000000000,348637.060415761,10.643812739
138.000000000,1847790.695142318,0.000000000,350644.928657380,10.744939050
139.000000000,1840500.033759297,0.000000000,352644.891406151,10.846572907
140.000000000,1833207.207718665,0.000000000,354636.946309868,10.948719669
141.000000000,1825912.225597694,0.000000000,356621.091025629,11.051384770
142.000000000,1818615.095976196,0.000000000,358597.323219829,11.154573718
143.000000000,1811315.827436503,0.000000000,360565.640568174,11.258292094
144.000000000,1804014.428563464,0.000000000,362526.040755678,11.362545557
145.000000000,1796710.907944439,0.000000000,364478.521476665,11.467339843
146.000000000,1789405.274169277,0.000000000,366423.080434772,11.572680765
147.000000000,1782097.535830315,0.000000000,368359.715342958,11.678574217
148.000000000,1774787.701522364,0.000000000,370288.423923498,11.785026174
149.000000000,1767475.779842700,0.000000000,372209.203907991,11.892042694
150.000000000,1760161.779391057,0.000000000,374122.053037358,11.999629919
151.000000000,1752845.708769612,0.000000000,376026.969061852,12.107794073
152.000000000,1745527.576582974,0.000000000,377923.949741052,12.216541471
153.000000000,1738207.391438182,0.000000000,379812.992843875,12.325878514
154.000000000,1730885.161944687,0.000000000,381694.096148567,12.435811692
155.000000000,1723560.896714342,0.000000000,383567.257442719,12.546347586
156.000000000,1716234.604361396,0.000000000,385432.474523259,12.657492870
157.000000000,1708906.293502486,0.000000000,387289.745196457,12.769254313
158.000000000,1701575.972756617,0.000000000,389139.067277933,12.881638776
159.000000000,1694243.650745160,0.000000000,390980.438592655,12.994653221
160.000000000,1686909.336091844,0.000000000,392813.856974937,13.108304706
161.000000000,1679573.037422734,0.000000000,394639.320268453,13.222600392
162.000000000,1672234.763366235,0.000000000,396456.826326229,13.337547539
163.000000000,1664894.522553071,0.000000000,398266.373010651,13.453153512
164.000000000,1657552.323616279,0.000000000,400067.958193469,13.569425783
165.000000000,1650208.175191205,0.000000000,401861.579755791,13.686371928
166.000000000,1642862.085915481,0.000000000,403647.235588096,13.803999636
167.000000000,1635514.064429024,0.000000000,405424.923590230,13.922316703
168.000000000,1628164.119374026,0.000000000,407194.641671409,14.041331039
169.000000000,1620812.259394937,0.000000000,408956.387750225,14.161050671
170.000000000,1613458.493138463,0.000000000,410710.159754644,14.281483740
171.000000000,1606102.829253547,0.000000000,412455.955622013,14.402638506
172.000000000,1598745.276391372,0.000000000,414193.773299056,14.524523349
173.000000000,1591385.843205335,0.000000000,415923.610741884,14.647146773
174.000000000,1584024.538351047,0.000000000,417645.465915991,14.770517405
175.000000000,1576661.370486323,0.000000000,419359.336796263,14.894644002
176.000000000,1569296.348271166,0.000000000,421065.221366973,15.019535445
177.000000000,1561929.480367760,0.000000000,422763.117621787,15.145200750
178.000000000,1554560.775440461,0.000000000,424453.023563768,15.271649066
179.000000000,1547190.242155783,0.000000000,426134.937205376,15.398889675
180.000000000,1539817.889182396,0.000000000,427808.856568471,15.526932000
181.000000000,1532443.725191105,0.000000000,429474.779684313,15.655785603
182.000000000,1525067.758854846,0.000000000,431132.704593572,15.785460188
183.000000000,1517689.998848678,0.000000000,432782.629346319,15.915965605
184.000000000,1510310.453849764,0.000000000,434424.552002036,16.047311853
185.000000000,1502929.132537372,0.000000000,436058.470629620,16.179509078
186.000000000,1495546.043592853,0.000000000,437684.383307378,16.312567582
187.000000000,1488161.195699644,0.000000000,439302.288123032,16.446497820
188.000000000,1480774.597543246,0.000000000,440912.183173725,16.581310406
189.000000000,1473386.257811219,0.000000000,442514.066566022,16.717016116
190.000000000,1465996.185193174,0.000000000,444107.936415906,16.853625887
191.000000000,1458604.388380757,0.000000000,445693.790848787,16.991150824
192.000000000,1451210.876067643,0.000000000,447271.627999502,17.129602201
193.000000000,1443815.656949525,0.000000000,448841.446012320,17.268991464
194.000000000,1436418.739724101,0.000000000,450403.243040938,17.409330234
195.000000000,1429020.133091072,0.000000000,451957.017248487,17.550630311
196.000000000,1421619.845752120,0.000000000,453502.766807537,17.692903674
197.000000000,1414217.886410906,0.000000000,455040.489900091,17.836162490
198.000000000,1406814.263773059,0.000000000,456570.184717596,17.980419109
199.000000000,1399408.986546161,0.000000000,458091.849460940,18.125686076
200.000000000,1392002.063439743,0.000000000,459605.482340457,18.271976127
201.000000000,1384593.503165267,0.000000000,461111.081575924,18.419302196
202.000000000,1377183.314436130,0.000000000,462608.645396568,18.567677419
203.000000000,1369771.505967634,0.000000000,464098.172041069,18.717115135
204.000000000,1362358.086476989,0.000000000,465579.659757557,18.867628891
205.000000000,1354943.064683306,0.000000000,467053.106803618,19.019232445
206.000000000,1347526.449307572,0.000000000,468518.511446294,19.171939771
207.000000000,1340108.249072653,0.000000000,469975.871962087,19.325765061
208.000000000,1332688.472703277,0.000000000,471425.186636957,19.480722729
209.000000000,1325267.128926025,0.000000000,472866.453766334,19.636827414
210.000000000,1317844.226469327,0.000000000,474299.671655103,19.794093988
211.000000000,1310419.774063440,0.000000000,475724.838617624,19.952537554
212.000000000,1302993.780440444,0.000000000,477141.952977722,20.112173456
213.000000000,1295566.254334237,0.000000000,478551.013068693,20.273017276
214.000000000,1288137.204480516,0.000000000,479952.017233307,20.435084846
215.000000000,1280706.639616769,0.000000000,481344.963823809,20.598392245
216.000000000,1273274.568482265,0.000000000,482729.851201921,20.762955809
217.000000000,1265840.999818051,0.000000000,484106.677738840,20.928792130
218.000000000,1258405.942366929,0.000000000,485475.441815248,21.095918067
219.000000000,1250969.404873453,0.000000000,486836.141821308,21.264350743
220.000000000,1243531.396083921,0.000000000,488188.776156666,21.434107555
221.000000000,1236091.924746358,0.000000000,489533.343230455,21.605206174
222.000000000,1228650.999610509,0.000000000,490869.841461298,21.777664556
223.000000000,1221208.629427832,0.000000000,492198.269277304,21.951500939
224.000000000,1213764.822951480,0.000000000,493518.625116080,22.126733853
225.000000000,1206319.588936301,0.000000000,494830.907424720,22.303382124
226.000000000,1198872.936138817,0.000000000,496135.114659816,22.481464877
227.000000000,1191424.873317220,0.000000000,497431.245287459,22.661001542
228.000000000,1183975.409231364,0.000000000,498719.297783238,22.842011860
229.000000000,1176524.552642745,0.000000000,499999.270632242,23.024515884
230.000000000,1169072.312314501,0.000000000,501271.162329061,23.208533989
231.000000000,1161618.697011395,0.000000000,502534.971377795,23.394086876
232.000000000,1154163.715499809,0.000000000,503790.696292046,23.581195573
233.000000000,1146707.376547733,0.000000000,505038.335594924,23.769881447
234.000000000,1139249.688924747,0.000000000,506277.887819051,23.960166201
235.000000000,1131790.661402026,0.000000000,507509.351506558,24.152071887
236.000000000,1124330.302752317,0.000000000,508732.725209089,24.345620907
237.000000000,1116868.621749930,0.000000000,509948.007487806,24.540836019
238.000000000,1109405.627170733,0.000000000,511155.196913385,24.737740344
239.000000000,1101941.327792138,0.000000000,512354.292066020,24.936357369
240.000000000,1094475.732393094,0.000000000,513545.291535426,25.136710954
241.000000000,1087008.849754072,0.000000000,514728.193920839,25.338825335
242.000000000,1079540.688657055,0.000000000,515902.997831017,25.542725134
243.000000000,1072071.257885535,0.000000000,517069.701884245,25.748435361
244.000000000,1064600.566224494,0.000000000,518228.304708336,25.955981420
245.000000000,1057128.622460395,0.000000000,519378.804940624,26.165389115
246.000000000,1049655.435381176,0.000000000,520521.201227981,26.376684654
247.000000000,1042181.013776240,0.000000000,521655.492226804,26.589894658
248.000000000,1034705.366436437,0.000000000,522781.676603027,26.805046162
249.000000000,1027228.502154060,0.000000000,523899.753032115,27.022166622
250.000000000,1019750.429722837,0.000000000,525009.720199072,27.241283924
251.000000000,1012271.157937911,0.000000000,526111.576798438,27.462426382
252.000000000,1004790.695595841,0.000000000,527205.321534292,27.685622749
253.000000000,997309.051494581,0.000000000,528290.953120254,27.910902221
254.000000000,989826.234433479,0.000000000,529368.470279485,28.138294442
255.000000000,982342.253213261,0.000000000,530437.871744691,28.367829506
256.000000000,974857.116636024,0.000000000,531499.156258123,28.599537966
257.000000000,967370.833505219,0.000000000,532552.322571578,28.833450837
258.000000000,959883.412625653,0.000000000,533597.369446399,29.069599602
259.000000000,952394.862803463,0.000000000,534634.295653483,29.308016213
260.000000000,944905.192846120,0.000000000,535663.099973273,29.548733099
261.000000000,937414.411562408,0.000000000,536683.781195771,29.791783169
262.000000000,929922.527762423,0.000000000,537696.338120525,30.037199815
263.000000000,922429.550257553,0.000000000,538700.769556642,30.285016917
264.000000000,914935.487860473,0.000000000,539697.074322786,30.535268847
265.000000000,907440.349385138,0.000000000,540685.251247179,30.787990470
266.000000000,899944.143646765,0.000000000,541665.299167600,31.043217148
267.000000000,892446.879461826,0.000000000,542637.216931392,31.300984745
268.000000000,884948.565648039,0.000000000,543601.003395458,31.561329626
269.000000000,877449.211024354,0.000000000,544556.657426265,31.824288660
270.000000000,869948.824410953,0.000000000,545504.177899844,32.089899223
271.000000000,862447.414629222,0.000000000,546443.563701794,32.358199197
272.000000000,854944.990501755,0.000000000,547374.813727278,32.629226975
273.000000000,847441.560852340,0.000000000,548297.926881032,32.903021455
274.000000000,839937.134505946,0.000000000,549212.902077359,33.179622045
275.000000000,832431.720288714,0.000000000,550119.738240133,33.459068659
276.000000000,824925.327027946,0.000000000,551018.434302803,33.741401720
277.000000000,817417.963552099,0.000000000,551908.989208391,34.026662152
278.000000000,809909.638690767,0.000000000,552791.401909491,34.314891383
279.000000000,802400.361274677,0.000000000,553665.671368277,34.606131337
280.000000000,794890.140135678,0.000000000,554531.796556499,34.900424435
281.000000000,787378.984106724,0.000000000,555389.776455485,35.197813585
282.000000000,779866.902021874,0.000000000,556239.610056144,35.498342181
283.000000000,772353.902716271,0.000000000,557081.296358967,35.802054093
284.000000000,764839.995026139,0.000000000,557914.834374025,36.108993660
285.000000000,757325.187788773,0.000000000,558740.223120972,36.419205684
286.000000000,749809.489842524,0.000000000,559557.461629050,36.732735417
287.000000000,742292.910026786,0.000000000,560366.548937082,37.049628553
288.000000000,734775.457182000,0.000000000,561167.484093484,37.369931213
289.000000000,727257.140149625,0.000000000,561960.266156253,37.693689937
290.000000000,719737.967772141,0.000000000,562744.894192981,38.020951664
291.000000000,712217.948893029,0.000000000,563521.367280846,38.351763719
292.000000000,704697.092356774,0.000000000,564289.684506618,38.686173794
293.000000000,697175.407008840,0.000000000,565049.844966662,39.024229932
294.000000000,689652.901695664,0.000000000,565801.847766934,39.365980505
295.000000000,682129.585264655,0.000000000,566545.692022985,39.711474188
296.000000000,674605.466564170,0.000000000,567281.376859960,40.060759943
297.000000000,667080.554443511,0.000000000,568008.901412603,40.413886985
298.000000000,659554.857752912,0.000000000,568728.264825255,40.770904761
299.000000000,652028.385343531,0.000000000,569439.466251853,41.131862914
300.000000000,644501.146067441,0.000000000,570142.504855937,41.496811257
301.000000000,636973.148777613,0.000000000,570837.379810645,41.865799733
302.000000000,629444.402327908,0.000000000,571524.090298719,42.238878384
303.000000000,621914.915573075,0.000000000,572202.635512501,42.616097308
304.000000000,614384.697368729,0.000000000,572873.014653936,42.997506619
305.000000000,606853.756571344,0.000000000,573535.226934575,43.383156404
306.000000000,599322.102038245,0.000000000,574189.271575575,43.773096674
307.000000000,591789.742627600,0.000000000,574835.147807696,44.167377319
308.000000000,584256.687198402,0.000000000,575472.854871309,44.566048049
309.000000000,576722.944610463,0.000000000,576102.392016389,44.969158345
310.000000000,569188.523724406,0.000000000,576723.758502523,45.376757396
311.000000000,561653.433401648,0.000000000,577336.953598907,45.788894041
312.000000000,554117.682504396,0.000000000,577941.976584346,46.205616701
313.000000000,546581.279895632,0.000000000,578538.826747258,46.626973315
314.000000000,539044.234439105,0.000000000,579127.503385672,47.053011264
315.000000000,531506.554999323,0.000000000,579708.005807232,47.483777298
316.000000000,523968.250441536,0.000000000,580280.333329194,47.919317459
317.000000000,516429.329631729,0.000000000,580844.485278430,48.359676998
318.000000000,508889.801436616,0.000000000,581400.460991427,48.804900287
319.000000000,501349.674723621,0.000000000,581948.259814287,49.255030733
320.000000000,493808.958360874,0.000000000,582487.881102731,49.710110682
321.000000000,486267.661217196,0.000000000,583019.324222097,50.170181324
322.000000000,478725.792162096,0.000000000,583542.588547342,50.635282593
323.000000000,471183.360065752,0.000000000,584057.673463043,51.105453060
324.000000000,463640.373799002,0.000000000,584564.578363393,51.580729826
325.000000000,456096.842233343,0.000000000,585063.302652210,52.061148412
326.000000000,448552.774240908,0.000000000,585553.845742933,52.546742639
327.000000000,441008.178694460,0.000000000,586036.207058621,53.037544517
328.000000000,433463.064467386,0.000000000,586510.386031956,53.533584112
329.000000000,425917.440433680,0.000000000,586976.382105247,54.034889430
330.000000000,418371.315467939,0.000000000,587434.194730422,54.541486280
331.000000000,410824.698445347,0.000000000,587883.823369038,55.053398149
332.000000000,403277.598241664,0.000000000,588325.267492276,55.570646061
333.000000000,395730.023733225,0.000000000,588758.526580940,56.093248443
334.000000000,388181.983796918,0.000000000,589183.600125466,56.621220983
335.000000000,380633.487310178,0.000000000,589600.487625912,57.154576491
336.000000000,373084.543150979,0.000000000,590009.188591969,57.693324750
337.000000000,365535.160197822,0.000000000,590409.702542952,58.237472377
338.000000000,357985.347329722,0.000000000,590802.029007806,58.787022670
339.000000000,350435.113426200,0.000000000,591186.167525109,59.341975467
340.000000000,342884.467367275,0.000000000,591562.117643063,59.902326994
341.000000000,335333.418033448,0.000000000,591929.878919506,60.468069720
342.000000000,327781.974305694,0.000000000,592289.450921903,61.039192214
343.000000000,320230.145065452,0.000000000,592640.833227354,61.615678992
344.000000000,312677.939194616,0.000000000,592984.025422589,62.197510382
345.000000000,305125.365575523,0.000000000,593319.027103971,62.784662381
346.000000000,297572.433090941,0.000000000,593645.837877496,63.377106516
347.000000000,290019.150624059,0.000000000,593964.457358795,63.974809712
348.000000000,282465.527058482,0.000000000,594274.885173131,64.577734166
349.000000000,274911.571278213,0.000000000,594577.120955402,65.185837218
350.000000000,267357.292167646,0.000000000,594871.164350141,65.799071239
351.000000000,259802.698611553,0.000000000,595157.015011515,66.417383518
352.000000000,252247.799495082,0.000000000,595434.672603332,67.040716159
353.000000000,244692.603703735,0.000000000,595704.136799028,67.669005988
354.000000000,237137.120123363,0.000000000,595965.407281681,68.302184468
355.000000000,229581.357640161,0.000000000,596218.483744004,68.940177623
356.000000000,222025.325140646,0.000000000,596463.365888348,69.582905972
357.000000000,214469.031511655,0.000000000,596700.053426702,70.230284482
358.000000000,206912.485640331,0.000000000,596928.546080689,70.882222522
359.000000000,199355.696414114,0.000000000,597148.843581575,71.538623842
360.000000000,191798.672720733,0.000000000,597360.945670263,72.199386553
361.000000000,184241.423448188,0.000000000,597564.852097294,72.864403135
362.000000000,176683.957484749,0.000000000,597760.562622849,73.533560449
363.000000000,169126.283718938,0.000000000,597948.077016747,74.206739772
364.000000000,161568.411039522,0.000000000,598127.395058449,74.883816844
365.000000000,154010.348335501,0.000000000,598298.516537054,75.564661936
366.000000000,146452.104496099,0.000000000,598461.441251301,76.249139929
367.000000000,138893.688410757,0.000000000,598616.169009572,76.937110416
368.000000000,131335.108969112,0.000000000,598762.699629886,77.628427815
369.000000000,123776.375060995,0.000000000,598901.032939905,78.322941512
370.000000000,116217.495576424,0.000000000,599031.168776934,79.020496005
371.000000000,108658.479405582,0.000000000,599153.106987914,79.720931076
372.000000000,101099.335438815,0.000000000,599266.847429432,80.424081981
373.000000000,93540.072566619,0.000000000,599372.389967715,81.129779650
374.000000000,85980.699679629,0.000000000,599469.734478631,81.837850911
375.000000000,78421.225668613,0.000000000,599558.880847692,82.548118723
376.000000000,70861.659424452,0.000000000,599639.828970050,83.260402429
377.000000000,63302.009838142,0.000000000,599712.578750500,83.974518021
378.000000000,55742.285800773,0.000000000,599777.130103479,84.690278423
379.000000000,48182.496203523,0.000000000,599833.482953068,85.407493779
380.000000000,40622.649937648,0.000000000,599881.637232986,86.125971758
381.000000000,33062.755894467,0.000000000,599921.592886601,86.845517871
382.000000000,25502.822965364,0.000000000,599953.349866917,87.565935791
383.000000000,17942.860041759,0.000000000,599976.908136587,88.287027685
384.000000000,10382.876015111,0.000000000,599992.267667901,89.008594553
385.000000000,2822.879776908,0.000000000,599999.428442795,89.730436570
386.000000000,-4737.119781354,0.000000000,599998.390452847,89.547646568
387.000000000,-12297.113768172,0.000000000,599989.153699278,88.825855295
388.000000000,-19857.093292051,0.000000000,599971.718192952,88.104389827
389.000000000,-27417.049461513,0.000000000,599946.083954374,87.383449813
390.000000000,-34976.973385103,0.000000000,599912.251013695,86.663233990
391.000000000,-42536.856171411,0.000000000,599870.219410705,85.943939840
392.000000000,-50096.688929070,0.000000000,599819.989194840,85.225763257
393.000000000,-57656.462766773,0.000000000,599761.560425175,84.508898213
394.000000000,-65216.168793284,0.000000000,599694.933170431,83.793536442
395.000000000,-72775.798117446,0.000000000,599620.107508970,83.079867123
396.000000000,-80335.341848194,0.000000000,599537.083528796,82.368076585
397.000000000,-87894.791094558,0.000000000,599445.861327555,81.658348012
398.000000000,-95454.136965683,0.000000000,599346.441012536,80.950861170
399.000000000,-103013.370570840,0.000000000,599238.822700671,80.245792142
400.000000000,-110572.483019421,0.000000000,599123.006518531,79.543313086
401.000000000,-118131.465420971,0.000000000,598998.992602330,78.843591995
402.000000000,-125690.308885182,0.000000000,598866.781097924,78.146792487
403.000000000,-133249.004521912,0.000000000,598726.372160812,77.453073601
404.000000000,-140807.543441194,0.000000000,598577.765956131,76.762589617
405.000000000,-148365.916753240,0.000000000,598420.962658660,76.075489891
406.000000000,-155924.115568463,0.000000000,598255.962452821,75.391918703
407.000000000,-163482.130997476,0.000000000,598082.765532672,74.712015134
408.000000000,-171039.954151112,0.000000000,597901.372101917,74.035912946
409.000000000,-178597.576140427,0.000000000,597711.782373896,73.363740491
410.000000000,-186154.988076715,0.000000000,597513.996571590,72.695620632
411.000000000,-193712.181071519,0.000000000,597308.014927620,72.031670682
412.000000000,-201269.146236634,0.000000000,597093.837684247,71.372002360
413.000000000,-208825.874684129,0.000000000,596871.465093369,70.716721760
414.000000000,-216382.357526349,0.000000000,596640.897416524,70.065929344
415.000000000,-223938.585875925,0.000000000,596402.134924888,69.419719937
416.000000000,-231494.550845791,0.000000000,596155.177899277,68.778182750
417.000000000,-239050.243549191,0.000000000,595900.026630142,68.141401406
418.000000000,-246605.655099686,0.000000000,595636.681417573,67.509453985
419.000000000,-254160.776611173,0.000000000,595365.142571297,66.882413081
420.000000000,-261715.599197883,0.000000000,595085.410410677,66.260345865
421.000000000,-269270.113974405,0.000000000,594797.485264714,65.643314166
422.000000000,-276824.312055685,0.000000000,594501.367472043,65.031374558
423.000000000,-284378.184557045,0.000000000,594197.057380935,64.424578455
424.000000000,-291931.722594188,0.000000000,593884.555349298,63.822972218
425.000000000,-299484.917283212,0.000000000,593563.861744673,63.226597264
426.000000000,-307037.759740619,0.000000000,593234.976944234,62.635490189
427.000000000,-314590.241083321,0.000000000,592897.901334793,62.049682889
428.000000000,-322142.352428660,0.000000000,592552.635312792,61.469202692
429.000000000,-329694.084894412,0.000000000,592199.179284306,60.894072493
430.000000000,-337245.429598796,0.000000000,591837.533665044,60.324310890
431.000000000,-344796.377660488,0.000000000,591467.698880348,59.759932325
432.000000000,-352346.920198633,0.000000000,591089.675365187,59.200947230
433.000000000,-359897.048332850,0.000000000,590703.463564166,58.647362170
434.000000000,-367446.753183249,0.000000000,590309.063931517,58.099179991
435.000000000,-374996.025870432,0.000000000,589906.476931103,57.556399964
436.000000000,-382544.857515515,0.000000000,589495.703036417,57.019017937
437.000000000,-390093.239240129,0.000000000,589076.742730581,56.487026478
438.000000000,-397641.162166435,0.000000000,588649.596506344,55.960415023
439.000000000,-405188.617417136,0.000000000,588214.264866084,55.439170021
440.000000000,-412735.596115483,0.000000000,587770.748321803,54.923275077
441.000000000,-420282.089385288,0.000000000,587319.047395134,54.412711092
442.000000000,-427828.088350932,0.000000000,586859.162617334,53.907456406
443.000000000,-435373.584137379,0.000000000,586391.094529283,53.407486932
444.000000000,-442918.567870188,0.000000000,585914.843681488,52.912776292
445.000000000,-450463.030675512,0.000000000,585430.410634080,52.423295946
446.000000000,-458006.963680125,0.000000000,584937.795956812,51.939015324
447.000000000,-465550.358011420,0.000000000,584437.000229062,51.459901947
448.000000000,-473093.204797424,0.000000000,583928.024039825,50.985921551
449.000000000,-480635.495166811,0.000000000,583410.867987723,50.517038205
450.000000000,-488177.220248903,0.000000000,582885.532680996,50.053214425
451.000000000,-495718.371173693,0.000000000,582352.018737502,49.594411285
452.000000000,-503258.939071845,0.000000000,581810.326784723,49.140588524
453.000000000,-510798.915074712,0.000000000,581260.457459753,48.691704649
454.000000000,-518338.290314341,0.000000000,580702.411409309,48.247717036
455.000000000,-525877.055923487,0.000000000,580136.189289723,47.808582026
456.000000000,-533415.203035622,0.000000000,579561.791766941,47.374255015
457.000000000,-540952.722784942,0.000000000,578979.219516527,46.944690545
458.000000000,-548489.606306386,0.000000000,578388.473223659,46.519842386
459.000000000,-556025.844735639,0.000000000,577789.553583128,46.099663622
460.000000000,-563561.429209143,0.000000000,577182.461299339,45.684106723
461.000000000,-571096.350864111,0.000000000,576567.197086308,45.273123622
462.000000000,-578630.600838536,0.000000000,575943.761667661,44.866665785
463.000000000,-586164.170271200,0.000000000,575312.155776638,44.464684278
464.000000000,-593697.050301688,0.000000000,574672.380156083,44.067129834
465.000000000,-601229.232070389,0.000000000,574024.435558456,43.673952908
466.000000000,-608760.706718521,0.000000000,573368.322745818,43.285103738
467.000000000,-616291.465388128,0.000000000,572704.042489841,42.900532400
468.000000000,-623821.499222100,0.000000000,572031.595571800,42.520188859
469.000000000,-631350.799364178,0.000000000,571350.982782577,42.144023018
470.000000000,-638879.356958966,0.000000000,570662.204922657,41.771984760
471.000000000,-646407.163151940,0.000000000,569965.262802131,41.404024000
472.000000000,-653934.209089464,0.000000000,569260.157240688,41.040090716
473.000000000,-661460.485918790,0.000000000,568546.889067619,40.680134995
474.000000000,-668985.984788078,0.000000000,567825.459121819,40.324107064
475.000000000,-676510.696846403,0.000000000,567095.868251778,39.971957326
476.000000000,-684034.613243765,0.000000000,566358.117315587,39.623636392
477.000000000,-691557.725131100,0.000000000,565612.207180930,39.279095106
478.000000000,-699080.023660290,0.000000000,564858.138725094,38.938284579
479.000000000,-706601.499984176,0.000000000,564095.912834955,38.601156208
480.000000000,-714122.145256560,0.000000000,563325.530406989,38.267661703
481.000000000,-721641.950632227,0.000000000,562546.992347258,37.937753109
482.000000000,-729160.907266947,0.000000000,561760.299571423,37.611382824
483.000000000,-736679.006317489,0.000000000,560965.453004731,37.288503620
484.000000000,-744196.238941632,0.000000000,560162.453582020,36.969068657
485.000000000,-751712.596298172,0.000000000,559351.302247720,36.653031500
486.000000000,-759228.069546935,0.000000000,558531.999955843,36.340346135
487.000000000,-766742.649848789,0.000000000,557704.547669994,36.030966979
488.000000000,-774256.328365648,0.000000000,556868.946363358,35.724848893
489.000000000,-781769.096260489,0.000000000,556025.197018707,35.421947191
490.000000000,-789280.944697360,0.000000000,555173.300628396,35.122217652
491.000000000,-796791.864841390,0.000000000,554313.258194360,34.825616525
492.000000000,-804301.847858802,0.000000000,553445.070728118,34.532100540
493.000000000,-811810.884916917,0.000000000,552568.739250764,34.241626912
494.000000000,-819318.967184173,0.000000000,551684.264792976,33.954153344
495.000000000,-826826.085830127,0.000000000,550791.648395005,33.669638038
496.000000000,-834332.232025472,0.000000000,549890.891106679,33.388039693
497.000000000,-841837.396942042,0.000000000,548981.993987401,33.109317512
498.000000000,-849341.571752829,0.000000000,548064.958106149,32.833431201
499.000000000,-856844.747631986,0.000000000,547139.784541469,32.560340974
500.000000000,-864346.915754843,0.000000000,546206.474381482,32.290007551
501.000000000,-871848.067297916,0.000000000,545265.028723877,32.022392162
502.000000000,-879348.193438912,0.000000000,544315.448675912,31.757456545
503.000000000,-886847.285356750,0.000000000,543357.735354410,31.495162945
504.000000000,-894345.334231560,0.000000000,542391.889885763,31.235474115
505.000000000,-901842.331244703,0.000000000,541417.913405925,30.978353313
506.000000000,-909338.267578774,0.000000000,540435.807060414,30.723764302
507.000000000,-916833.134417619,0.000000000,539445.572004310,30.471671345
508.000000000,-924326.922946337,0.000000000,538447.209402251,30.222039206
509.000000000,-931819.624351302,0.000000000,537440.720428438,29.974833144
510.000000000,-939311.229820159,0.000000000,536426.106266627,29.730018914
511.000000000,-946801.730541847,0.000000000,535403.368110131,29.487562759
512.000000000,-954291.117706602,0.000000000,534372.507161818,29.247431410
513.000000000,-961779.382505970,0.000000000,533333.524634107,29.009592079
514.000000000,-969266.516132819,0.000000000,532286.421748973,28.774012460
515.000000000,-976752.509781345,0.000000000,531231.199737940,28.540660717
516.000000000,-984237.354647088,0.000000000,530167.859842080,28.309505489
517.000000000,-991721.041926934,0.000000000,529096.403312012,28.080515877
518.000000000,-999203.562819135,0.000000000,528016.831407904,27.853661446
519.000000000,-1006684.908523311,0.000000000,526929.145399466,27.628912214
520.000000000,-1014165.070240469,0.000000000,525833.346565954,27.406238652
521.000000000,-1021644.039173003,0.000000000,524729.436196165,27.185611678
522.000000000,-1029121.806524715,0.000000000,523617.415588432,26.967002649
523.000000000,-1036598.363500816,0.000000000,522497.286050632,26.750383360
524.000000000,-1044073.701307946,0.000000000,521369.048900177,26.535726036
525.000000000,-1051547.811154171,0.000000000,520232.705464014,26.323003327
526.000000000,-1059020.684249009,0.000000000,519088.257078624,26.112188302
527.000000000,-1066492.311803425,0.000000000,517935.705090024,25.903254447
528.000000000,-1073962.685029857,0.000000000,516775.050853756,25.696175657
529.000000000,-1081431.795142212,0.000000000,515606.295734895,25.490926228
530.000000000,-1088899.633355885,0.000000000,514429.441108043,25.287480857
531.000000000,-1096366.190887770,0.000000000,513244.488357327,25.085814633
532.000000000,-1103831.458956259,0.000000000,512051.438876401,24.885903033
533.000000000,-1111295.428781270,0.000000000,510850.294068439,24.687721916
534.000000000,-1118758.091584240,0.000000000,509641.055346136,24.491247516
535.000000000,-1126219.438588148,0.000000000,508423.724131709,24.296456440
536.000000000,-1133679.461017520,0.000000000,507198.301856891,24.103325661
537.000000000,-1141138.150098438,0.000000000,505964.789962932,23.911832509
538.000000000,-1148595.497058554,0.000000000,504723.189900596,23.721954673
539.000000000,-1156051.493127099,0.000000000,503473.503130157,23.533670189
540.000000000,-1163506.129534889,0.000000000,502215.731121405,23.346957440
541.000000000,-1170959.397514344,0.000000000,500949.875353635,23.161795145
542.000000000,-1178411.288299489,0.000000000,499675.937315654,22.978162358
543.000000000,-1185861.793125973,0.000000000,498393.918505770,22.796038464
544.000000000,-1193310.903231071,0.000000000,497103.820431797,22.615403168
545.000000000,-1200758.609853702,0.000000000,495805.644611052,22.436236497
546.000000000,-1208204.904234435,0.000000000,494499.392570351,22.258518789
547.000000000,-1215649.777615496,0.000000000,493185.065846010,22.082230691
548.000000000,-1223093.221240788,0.000000000,491862.665983841,21.907353156
549.000000000,-1230535.226355891,0.000000000,490532.194539151,21.733867432
550.000000000,-1237975.784208078,0.000000000,489193.653076741,21.561755064
551.000000000,-1245414.886046328,0.000000000,487847.043170901,21.390997885
552.000000000,-1252852.523121326,0.000000000,486492.366405414,21.221578013
553.000000000,-1260288.686685486,0.000000000,485129.624373549,21.053477846
554.000000000,-1267723.367992952,0.000000000,483758.818678059,20.886680056
555.000000000,-1275156.558299608,0.000000000,482379.950931183,20.721167588
556.000000000,-1282588.248863100,0.000000000,480993.022754642,20.556923652
557.000000000,-1290018.430942828,0.000000000,479598.035779635,20.393931720
558.000000000,-1297447.095799973,0.000000000,478194.991646845,20.232175522
559.000000000,-1304874.234697499,0.000000000,476783.892006422,20.071639041
560.000000000,-1312299.838900164,0.000000000,475364.738517998,19.912306510
561.000000000,-1319723.899674533,0.000000000,473937.532850672,19.754162407
562.000000000,-1327146.408288982,0.000000000,472502.276683019,19.597191449
563.000000000,-1334567.356013716,0.000000000,471058.971703077,19.441378593
564.000000000,-1341986.734120774,0.000000000,469607.619608353,19.286709026
565.000000000,-1349404.533884042,0.000000000,468148.222105819,19.133168166
566.000000000,-1356820.746579264,0.000000000,466680.780911908,18.980741655
567.000000000,-1364235.363484046,0.000000000,465205.297752514,18.829415357
568.000000000,-1371648.375877877,0.000000000,463721.774362991,18.679175353
569.000000000,-1379059.775042129,0.000000000,462230.212488143,18.530007940
570.000000000,-1386469.552260069,0.000000000,460730.613882236,18.381899623
571.000000000,-1393877.698816879,0.000000000,459222.980308986,18.234837114
572.000000000,-1401284.205999651,0.000000000,457707.313541556,18.088807329
573.000000000,-1408689.065097410,0.000000000,456183.615362559,17.943797386
574.000000000,-1416092.267401119,0.000000000,454651.887564056,17.799794595
575.000000000,-1423493.804203688,0.000000000,453112.131947548,17.656786462
576.000000000,-1430893.666799988,0.000000000,451564.350323982,17.514760684
577.000000000,-1438291.846486854,0.000000000,450008.544513739,17.373705142
578.000000000,-1445688.334563108,0.000000000,448444.716346643,17.233607901
579.000000000,-1453083.122329554,0.000000000,446872.867661950,17.094457209
580.000000000,-1460476.201089001,0.000000000,445293.000308353,16.956241488
581.000000000,-1467867.562146265,0.000000000,443705.116143969,16.818949336
582.000000000,-1475257.196808185,0.000000000,442109.217036349,16.682569522
583.000000000,-1482645.096383628,0.000000000,440505.304862470,16.547090985
584.000000000,-1490031.252183504,0.000000000,438893.381508734,16.412502827
585.000000000,-1497415.655520770,0.000000000,437273.448870962,16.278794315
586.000000000,-1504798.297710450,0.000000000,435645.508854397,16.145954875
587.000000000,-1512179.170069632,0.000000000,434009.563373701,16.013974090
588.000000000,-1519558.263917491,0.000000000,432365.614352948,15.882841700
589.000000000,-1526935.570575293,0.000000000,430713.663725628,15.752547594
590.000000000,-1534311.081366404,0.000000000,429053.713434641,15.623081812
591.000000000,-1541684.787616306,0.000000000,427385.765432295,15.494434542
592.000000000,-1549056.680652597,0.000000000,425709.821680307,15.366596115
593.000000000,-1556426.751805015,0.000000000,424025.884149794,15.239557005
594.000000000,-1563794.992405433,0.000000000,422333.954821277,15.113307825
595.000000000,-1571161.393787883,0.000000000,420634.035684676,14.987839326
596.000000000,-1578525.947288558,0.000000000,418926.128739308,14.863142394
597.000000000,-1585888.644245825,0.000000000,417210.235993884,14.739208047
598.000000000,-1593249.476000234,0.000000000,415486.359466508,14.616027435
599.000000000,-1600608.433894529,0.000000000,413754.501184675,14.493591836
600.000000000,-1607965.509273656,0.000000000,412014.663185265,14.371892652
601.000000000,-1615320.693484780,0.000000000,410266.847514545,14.250921412
602.000000000,-1622673.977877282,0.000000000,408511.056228165,14.130669767
603.000000000,-1630025.353802785,0.000000000,406747.291391153,14.011129485
604.000000000,-1637374.812615154,0.000000000,404975.555077917,13.892292455
605.000000000,-1644722.345670509,0.000000000,403195.849372241,13.774150682
606.000000000,-1652067.944327235,0.000000000,401408.176367280,13.656696283
607.000000000,-1659411.599945990,0.000000000,399612.538165560,13.539921490
608.000000000,-1666753.303889722,0.000000000,397808.936878976,13.423818642
609.000000000,-1674093.047523667,0.000000000,395997.374628789,13.308380190
610.000000000,-1681430.822215374,0.000000000,394177.853545621,13.193598689
611.000000000,-1688766.619334704,0.000000000,392350.375769456,13.079466802
612.000000000,-1696100.430253845,0.000000000,390514.943449635,12.965977292
613.000000000,-1703432.246347320,0.000000000,388671.558744857,12.853123026
614.000000000,-1710762.058992000,0.000000000,386820.223823171,12.740896970
615.000000000,-1718089.859567109,0.000000000,384960.940861979,12.629292188
616.000000000,-1725415.639454242,0.000000000,383093.712048028,12.518301841
617.000000000,-1732739.390037365,0.000000000,381218.539577413,12.407919186
618.000000000,-1740061.102702835,0.000000000,379335.425655572,12.298137572
619.000000000,-1747380.768839406,0.000000000,377444.372497280,12.188950441
620.000000000,-1754698.379838237,0.000000000,375545.382326652,12.080351326
621.000000000,-1762013.927092905,0.000000000,373638.457377137,11.972333847
622.000000000,-1769327.401999412,0.000000000,371723.599891516,11.864891714
623.000000000,-1776638.795956203,0.000000000,369800.812121902,11.758018722
624.000000000,-1783948.100364162,0.000000000,367870.096329733,11.651708751
625.000000000,-1791255.306626638,0.000000000,365931.454785770,11.545955765
626.000000000,-1798560.406149445,0.000000000,363984.889770098,11.440753809
627.000000000,-1805863.390340874,0.000000000,362030.403572122,11.336097009
628.000000000,-1813164.250611705,0.000000000,360067.998490558,11.231979573
629.000000000,-1820462.978375218,0.000000000,358097.676833442,11.128395783
630.000000000,-1827759.565047194,0.000000000,356119.440918118,11.025340001
631.000000000,-1835054.002045942,0.000000000,354133.293071236,10.922806665
632.000000000,-1842346.280792290,0.000000000,352139.235628756,10.820790285
633.000000000,-1849636.392709610,0.000000000,350137.270935938,10.719285446
634.000000000,-1856924.329223822,0.000000000,348127.401347340,10.618286806
635.000000000,-1864210.081763402,0.000000000,346109.629226821,10.517789093
636.000000000,-1871493.641759400,0.000000000,344083.956947533,10.417787104
637.000000000,-1878775.000645435,0.000000000,342050.386891918,10.318275708
638.000000000,-1886054.149857727,0.000000000,340008.921451710,10.219249838
639.000000000,-1893331.080835083,0.000000000,337959.563027926,10.120704497
640.000000000,-1900605.785018928,0.000000000,335902.314030865,10.022634751
641.000000000,-1907878.253853301,0.000000000,333837.176880113,9.925035732
642.000000000,-1915148.478784872,0.000000000,331764.154004524,9.827902636
643.000000000,-1922416.451262949,0.000000000,329683.247842235,9.731230720
644.000000000,-1929682.162739493,0.000000000,327594.460840650,9.635015305
645.000000000,-1936945.604669116,0.000000000,325497.795456443,9.539251771
646.000000000,-1944206.768509109,0.000000000,323393.254155552,9.443935558
647.000000000,-1951465.645719434,0.000000000,321280.839413184,9.349062166
648.000000000,-1958722.227762747,0.000000000,319160.553713800,9.254627151
649.000000000,-1965976.506104403,0.000000000,317032.399551121,9.160626128
650.000000000,-1973228.472212465,0.000000000,314896.379428121,9.067054766
651.000000000,-1980478.117557719,0.000000000,312752.495857026,8.973908793
652.000000000,-1987725.433613674,0.000000000,310600.751359313,8.881183987
653.000000000,-1994970.411856586,0.000000000,308441.148465699,8.788876182
654.000000000,-2002213.043765452,0.000000000,306273.689716146,8.696981266
655.000000000,-2009453.320822038,0.000000000,304098.377659859,8.605495177
656.000000000,-2016691.234510873,0.000000000,301915.214855274,8.514413905
657.000000000,-2023926.776319268,0.000000000,299724.203870064,8.423733490
658.000000000,-2031159.937737324,0.000000000,297525.347281129,8.333450022
659.000000000,-2038390.710257941,0.000000000,295318.647674601,8.243559641
660.000000000,-2045619.085376828,0.000000000,293104.107645834,8.154058534
661.000000000,-2052845.054592514,0.000000000,290881.729799401,8.064942935
662.000000000,-2060068.609406358,0.000000000,288651.516749098,7.976209127
663.000000000,-2067289.741322558,0.000000000,286413.471117932,7.887853436
664.000000000,-2074508.441848163,0.000000000,284167.595538124,7.799872238
665.000000000,-2081724.702493081,0.000000000,281913.892651106,7.712261948
666.000000000,-2088938.514770091,0.000000000,279652.365107511,7.625019029
667.000000000,-2096149.870194845,0.000000000,277383.015567179,7.538139987
668.000000000,-2103358.760285895,0.000000000,275105.846699147,7.451621370
669.000000000,-2110565.176564683,0.000000000,272820.861181650,7.365459769
670.000000000,-2117769.110555566,0.000000000,270528.061702117,7.279651814
671.000000000,-2124970.553785819,0.000000000,268227.450957166,7.194194179
672.000000000,-2132169.497785647,0.000000000,265919.031652601,7.109083578
673.000000000,-2139365.934088194,0.000000000,263602.806503411,7.024316762
674.000000000,-2146559.854229554,0.000000000,261278.778233767,6.939890525
675.000000000,-2153751.249748777,0.000000000,258946.949577016,6.855801697
676.000000000,-2160940.112187887,0.000000000,256607.323275679,6.772047147
677.000000000,-2168126.433091884,0.000000000,254259.902081448,6.688623780
678.000000000,-2175310.204008758,0.000000000,251904.688755182,6.605528540
679.000000000,-2182491.416489500,0.000000000,249541.686066908,6.522758407
680.000000000,-2189670.062088107,0.000000000,247170.896795811,6.440310397
681.000000000,-2196846.132361598,0.000000000,244792.323730234,6.358181559
682.000000000,-2204019.618870017,0.000000000,242405.969667677,6.276368980
683.000000000,-2211190.513176451,0.000000000,240011.837414789,6.194869779
684.000000000,-2218358.806847031,0.000000000,237609.929787369,6.113681112
685.000000000,-2225524.491450953,0.000000000,235200.249610360,6.032800165
686.000000000,-2232687.558560476,0.000000000,232782.799717845,5.952224158
687.000000000,-2239847.999750940,0.000000000,230357.582953049,5.871950345
688.000000000,-2247005.806600773,0.000000000,227924.602168327,5.791976009
689.000000000,-2254160.970691503,0.000000000,225483.860225168,5.712298468
690.000000000,-2261313.483607762,0.000000000,223035.359994191,5.632915069
691.000000000,-2268463.336937306,0.000000000,220579.104355136,5.553823191
692.000000000,-2275610.522271011,0.000000000,218115.096196868,5.475020240
693.000000000,-2282755.031202898,0.000000000,215643.338417365,5.396503656
694.000000000,-2289896.855330134,0.000000000,213163.833923725,5.318270907
695.000000000,-2297035.986253042,0.000000000,210676.585632153,5.240319488
696.000000000,-2304172.415575115,0.000000000,208181.596467963,5.162646926
697.000000000,-2311306.134903020,0.000000000,205678.869365576,5.085250773
698.000000000,-2318437.135846615,0.000000000,203168.407268508,5.008128611
699.000000000,-2325565.410018951,0.000000000,200650.213129377,4.931278048
700.000000000,-2332690.949036290,0.000000000,198124.289909895,4.854696720
701.000000000,-2339813.744518110,0.000000000,195590.640580859,4.778382290
702.000000000,-2346933.788087113,0.000000000,193049.268122161,4.702332446
703.000000000,-2354051.071369242,0.000000000,190500.175522768,4.626544902
704.000000000,-2361165.585993685,0.000000000,187943.365780734,4.551017400
705.000000000,-2368277.323592881,0.000000000,185378.841903185,4.475747705
706.000000000,-2375386.275802544,0.000000000,182806.606906319,4.400733607
707.000000000,-2382492.434261656,0.000000000,180226.663815409,4.325972921
708.000000000,-2389595.790612490,0.000000000,177639.015664787,4.251463486
709.000000000,-2396696.336500613,0.000000000,175043.665497851,4.177203166
710.000000000,-2403794.063574896,0.000000000,172440.616367057,4.103189847
711.000000000,-2410888.963487530,0.000000000,169829.871333914,4.029421440
712.000000000,-2417981.027894024,0.000000000,167211.433468985,3.955895877
713.000000000,-2425070.248453228,0.000000000,164585.305851880,3.882611114
714.000000000,-2432156.616827332,0.000000000,161951.491571250,3.809565130
715.000000000,-2439240.124681884,0.000000000,159309.993724792,3.736755924
716.000000000,-2446320.763685796,0.000000000,156660.815419237,3.664181517
717.000000000,-2453398.525511353,0.000000000,154003.959770348,3.591839955
718.000000000,-2460473.401834224,0.000000000,151339.429902919,3.519729300
719.000000000,-2467545.384333474,0.000000000,148667.228950767,3.447847639
720.000000000,-2474614.464691565,0.000000000,145987.360056737,3.376193077
721.000000000,-2481680.634594382,0.000000000,143299.826372688,3.304763742
722.000000000,-2488743.885731224,0.000000000,140604.631059494,3.233557779
723.000000000,-2495804.209794826,0.000000000,137901.777287043,3.162573356
724.000000000,-2502861.598481369,0.000000000,135191.268234226,3.091808657
725.000000000,-2509916.043490482,0.000000000,132473.107088941,3.021261889
726.000000000,-2516967.536525261,0.000000000,129747.297048084,2.950931276
727.000000000,-2524016.069292266,0.000000000,127013.841317547,2.880815062
728.000000000,-2531061.633501547,0.000000000,124272.743112215,2.810911507
729.000000000,-2538104.220866638,0.000000000,121524.005655963,2.741218892
730.000000000,-2545143.823104580,0.000000000,118767.632181649,2.671735516
731.000000000,-2552180.431935923,0.000000000,116003.625931109,2.602459695
732.000000000,-2559214.039084737,0.000000000,113231.990155163,2.533389762
733.000000000,-2566244.636278621,0.000000000,110452.728113598,2.464524069
734.000000000,-2573272.215248720,0.000000000,107665.843075173,2.395860985
735.000000000,-2580296.767729720,0.000000000,104871.338317613,2.327398894
736.000000000,-2587318.285459874,0.000000000,102069.217127604,2.259136199
737.000000000,-2594336.760181000,0.000000000,99259.482800791,2.191071318
738.000000000,-2601352.183638495,0.000000000,96442.138641770,2.123202688
739.000000000,-2608364.547581348,0.000000000,93617.187964091,2.055528758
740.000000000,-2615373.843762144,0.000000000,90784.634090247,1.988047997
741.000000000,-2622380.063937077,0.000000000,87944.480351674,1.920758887
742.000000000,-2629383.199865957,0.000000000,85096.730088751,1.853659926
743.000000000,-2636383.243312224,0.000000000,82241.386650783,1.786749629
744.000000000,-2643380.186042951,0.000000000,79378.453396012,1.720026525
745.000000000,-2650374.019828863,0.000000000,76507.933691605,1.653489157
746.000000000,-2657364.736444338,0.000000000,73629.830913652,1.587136084
747.000000000,-2664352.327667422,0.000000000,70744.148447158,1.520965879
748.000000000,-2671336.785279835,0.000000000,67850.889686047,1.454977130
749.000000000,-2678318.101066987,0.000000000,64950.058033152,1.389168440
750.000000000,-2685296.266817975,0.000000000,62041.656900214,1.323538423
751.000000000,-2692271.274325610,0.000000000,59125.689707873,1.258085711
752.000000000,-2699243.115386410,0.000000000,56202.159885674,1.192808946
753.000000000,-2706211.781800622,0.000000000,53271.070872049,1.127706786
754.000000000,-2713177.265372223,0.000000000,50332.426114326,1.062777901
755.000000000,-2720139.557908938,0.000000000,47386.229068719,0.998020976
756.000000000,-2727098.651222243,0.000000000,44432.483200319,0.933434706
757.000000000,-2734054.537127374,0.000000000,41471.191983105,0.869017802
758.000000000,-2741007.207443343,0.000000000,38502.358899920,0.804768986
759.000000000,-2747956.653992941,0.000000000,35525.987442486,0.740686994
760.000000000,-2754902.868602753,0.000000000,32542.081111385,0.676770572
761.000000000,-2761845.843103163,0.000000000,29550.643416063,0.613018481
762.000000000,-2768785.569328369,0.000000000,26551.677874824,0.549429493
763.000000000,-2775722.039116386,0.000000000,23545.188014826,0.486002391
764.000000000,-2782655.244309063,0.000000000,20531.177372076,0.422735971
765.000000000,-2789585.176752081,0.000000000,17509.649491426,0.359629041
766.000000000,-2796511.828294980,0.000000000,14480.607926569,0.296680420
767.000000000,-2803435.190791150,0.000000000,11444.056240038,0.233888939
768.000000000,-2810355.256097855,0.000000000,8399.998003195,0.171253438
769.000000000,-2817272.016076234,0.000000000,5348.436796232,0.108772772
770.000000000,-2824185.462591315,0.000000000,2289.376208167,0.046445804
