time_s	 sat_id	 beam_id	 throughput_mbps	 avg_delay_ms	 max_delay_ms	 dwell_time_ms	 slot_util_pct	 drop_rate_pct	 jain_fairness_index
10.503	 0     	 1      	 0.057127       	 10          	 10          	 240          	 79.166667    	 1.960784     	 0.997238
10.503	 0     	 2      	 0.051414       	 10          	 10          	 216          	 79.166667    	 0            	 0.997238
11.006	 0     	 1      	 1.192843       	 10          	 10          	 240          	 79.166667    	 1.960784     	 1
11.006	 0     	 2      	 1.192843       	 10          	 10          	 240          	 79.166667    	 0            	 1
11.509	 0     	 1      	 1.192843       	 10          	 10          	 240          	 79.166667    	 1.960784     	 0.997238
11.509	 0     	 2      	 1.073559       	 10          	 10          	 216          	 79.166667    	 0            	 0.997238
12.012	 0     	 1      	 1.192843       	 10          	 10          	 240          	 79.166667    	 1.960784     	 0.997238
12.012	 0     	 2      	 1.073559       	 10          	 10          	 216          	 79.166667    	 0            	 0.997238
12.515	 0     	 1      	 1.312127       	 10          	 10          	 264          	 79.166667    	 1.785714     	 0.990099
12.515	 0     	 2      	 1.073559       	 10          	 10          	 216          	 79.166667    	 0            	 0.990099
13.018	 0     	 1      	 1.192843       	 10          	 10          	 240          	 79.166667    	 1.960784     	 0.997238
13.018	 0     	 2      	 1.073559       	 10          	 10          	 216          	 79.166667    	 0            	 0.997238
13.521	 0     	 1      	 1.192843       	 10          	 10          	 240          	 79.166667    	 1.960784     	 1
13.521	 0     	 2      	 1.192843       	 10          	 10          	 240          	 79.166667    	 0            	 1
14.024	 0     	 1      	 1.192843       	 10          	 10          	 240          	 79.166667    	 1.960784     	 0.997238
14.024	 0     	 2      	 1.073559       	 10          	 10          	 216          	 79.166667    	 0            	 0.997238
14.527	 0     	 1      	 1.192843       	 10          	 10          	 240          	 79.166667    	 1.960784     	 0.997238
14.527	 0     	 2      	 1.073559       	 10          	 10          	 216          	 79.166667    	 0            	 0.997238
15.03 	 0     	 1      	 1.312127       	 10          	 10          	 264          	 79.166667    	 1.785714     	 0.990099
15.03 	 0     	 2      	 1.073559       	 10          	 10          	 216          	 79.166667    	 0            	 0.990099
15.533	 0     	 1      	 1.192843       	 10          	 10          	 240          	 79.166667    	 1.960784     	 0.997238
15.533	 0     	 2      	 1.073559       	 10          	 10          	 216          	 79.166667    	 0            	 0.997238
16.036	 0     	 1      	 1.192843       	 10          	 10          	 240          	 79.166667    	 1.960784     	 0.997238
16.036	 0     	 2      	 1.073559       	 10          	 10          	 216          	 79.166667    	 0            	 0.997238
16.539	 0     	 1      	 1.192843       	 10          	 10          	 240          	 79.166667    	 1.960784     	 1
16.539	 0     	 2      	 1.192843       	 10          	 10          	 240          	 79.166667    	 0            	 1
17.042	 0     	 1      	 1.192843       	 10          	 10          	 240          	 79.166667    	 1.960784     	 0.997238
17.042	 0     	 2      	 1.073559       	 10          	 10          	 216          	 79.166667    	 0            	 0.997238
17.545	 0     	 1      	 1.192843       	 10          	 10          	 240          	 79.166667    	 1.960784     	 0.997238
17.545	 0     	 2      	 1.073559       	 10          	 10          	 216          	 79.166667    	 0            	 0.997238
18.048	 0     	 1      	 1.312127       	 10          	 10          	 264          	 79.166667    	 1.785714     	 0.990099
18.048	 0     	 2      	 1.073559       	 10          	 10          	 216          	 79.166667    	 0            	 0.990099
18.551	 0     	 1      	 1.192843       	 10          	 10          	 240          	 79.166667    	 1.960784     	 0.997238
18.551	 0     	 2      	 1.073559       	 10          	 10          	 216          	 79.166667    	 0            	 0.997238
19.054	 0     	 1      	 1.192843       	 10          	 10          	 240          	 79.166667    	 1.960784     	 0.997238
19.054	 0     	 2      	 1.073559       	 10          	 10          	 216          	 79.166667    	 0            	 0.997238
19.557	 0     	 1      	 1.192843       	 10          	 10          	 240          	 79.166667    	 1.960784     	 1
19.557	 0     	 2      	 1.192843       	 10          	 10          	 240          	 79.166667    	 0            	 1
20.06 	 0     	 1      	 1.192843       	 10          	 10          	 240          	 79.166667    	 1.960784     	 0.997238
20.06 	 0     	 2      	 1.073559       	 10          	 10          	 216          	 79.166667    	 0            	 0.997238
20.563	 0     	 1      	 1.192843       	 10          	 10          	 240          	 79.166667    	 1.960784     	 0.997238
20.563	 0     	 2      	 1.073559       	 10          	 10          	 216          	 79.166667    	 0            	 0.997238
21.066	 0     	 1      	 1.312127       	 10          	 10          	 264          	 79.166667    	 1.785714     	 0.990099
21.066	 0     	 2      	 1.073559       	 10          	 10          	 216          	 79.166667    	 0            	 0.990099
21.569	 0     	 1      	 1.192843       	 10          	 10          	 240          	 79.166667    	 1.960784     	 0.997238
21.569	 0     	 2      	 1.073559       	 10          	 10          	 216          	 79.166667    	 0            	 0.997238
22.072	 0     	 1      	 1.192843       	 10          	 10          	 240          	 79.166667    	 1.960784     	 0.997238
22.072	 0     	 2      	 1.073559       	 10          	 10          	 216          	 79.166667    	 0            	 0.997238
22.575	 0     	 1      	 1.192843       	 10          	 10          	 240          	 79.166667    	 1.960784     	 1
22.575	 0     	 2      	 1.192843       	 10          	 10          	 240          	 79.166667    	 0            	 1
23.078	 0     	 1      	 1.192843       	 10          	 10          	 240          	 79.166667    	 1.960784     	 0.997238
23.078	 0     	 2      	 1.073559       	 10          	 10          	 216          	 79.166667    	 0            	 0.997238
23.581	 0     	 1      	 1.192843       	 10          	 10          	 240          	 79.166667    	 1.960784     	 0.997238
23.581	 0     	 2      	 1.073559       	 10          	 10          	 216          	 79.166667    	 0            	 0.997238
24.084	 0     	 1      	 1.312127       	 10          	 10          	 264          	 79.166667    	 1.785714     	 0.990099
24.084	 0     	 2      	 1.073559       	 10          	 10          	 216          	 79.166667    	 0            	 0.990099
24.587	 0     	 1      	 1.192843       	 10          	 10          	 240          	 79.166667    	 1.960784     	 0.997238
24.587	 0     	 2      	 1.073559       	 10          	 10          	 216          	 79.166667    	 0            	 0.997238
25.09 	 0     	 1      	 1.192843       	 10          	 10          	 240          	 79.166667    	 1.960784     	 0.997238
25.09 	 0     	 2      	 1.073559       	 10          	 10          	 216          	 79.166667    	 0            	 0.997238
25.593	 0     	 1      	 1.192843       	 10          	 10          	 240          	 79.166667    	 1.960784     	 1
25.593	 0     	 2      	 1.192843       	 10          	 10          	 240          	 79.166667    	 0            	 1
26.096	 0     	 1      	 1.192843       	 10          	 10          	 240          	 79.166667    	 1.960784     	 0.997238
26.096	 0     	 2      	 1.073559       	 10          	 10          	 216          	 79.166667    	 0            	 0.997238
26.599	 0     	 1      	 1.312127       	 10          	 10          	 264          	 79.166667    	 1.785714     	 0.990099
26.599	 0     	 2      	 1.073559       	 10          	 10          	 216          	 79.166667    	 0            	 0.990099
27.102	 0     	 1      	 1.192843       	 10          	 10          	 240          	 79.166667    	 1.960784     	 0.997238
27.102	 0     	 2      	 1.073559       	 10          	 10          	 216          	 79.166667    	 0            	 0.997238
27.605	 0     	 1      	 1.192843       	 10          	 10          	 240          	 79.166667    	 1.960784     	 0.997238
27.605	 0     	 2      	 1.073559       	 10          	 10          	 216          	 79.166667    	 0            	 0.997238
28.108	 0     	 1      	 1.192843       	 10          	 10          	 240          	 79.166667    	 1.960784     	 1
28.108	 0     	 2      	 1.192843       	 10          	 10          	 240          	 79.166667    	 0            	 1
28.611	 0     	 1      	 1.192843       	 10          	 10          	 240          	 79.166667    	 1.960784     	 0.997238
28.611	 0     	 2      	 1.073559       	 10          	 10          	 216          	 79.166667    	 0            	 0.997238
29.114	 0     	 1      	 1.192843       	 10          	 10          	 240          	 79.166667    	 1.960784     	 0.997238
29.114	 0     	 2      	 1.073559       	 10          	 10          	 216          	 79.166667    	 0            	 0.997238
29.617	 0     	 1      	 1.312127       	 10          	 10          	 264          	 79.166667    	 1.785714     	 0.990099
29.617	 0     	 2      	 1.073559       	 10          	 10          	 216          	 79.166667    	 0            	 0.990099
30.12 	 0     	 1      	 1.192843       	 10          	 10          	 240          	 79.166667    	 1.960784     	 0.997238
30.12 	 0     	 2      	 1.073559       	 10          	 10          	 216          	 79.166667    	 0            	 0.997238
30.623	 0     	 1      	 1.192843       	 10          	 10          	 240          	 79.166667    	 1.960784     	 0.997238
30.623	 0     	 2      	 1.073559       	 10          	 10          	 216          	 79.166667    	 0            	 0.997238
31.126	 0     	 1      	 1.312127       	 10          	 10          	 264          	 79.166667    	 3.508772     	 0.990099
31.126	 0     	 2      	 1.073559       	 10          	 10          	 216          	 79.166667    	 0            	 0.990099
31.629	 0     	 1      	 1.192843       	 10          	 10          	 240          	 79.166667    	 1.960784     	 0.997238
31.629	 0     	 2      	 1.073559       	 10          	 10          	 216          	 79.166667    	 0            	 0.997238
32.132	 0     	 1      	 1.192843       	 10          	 10          	 240          	 79.166667    	 1.960784     	 0.997238
32.132	 0     	 2      	 1.073559       	 10          	 10          	 216          	 79.166667    	 0            	 0.997238
32.635	 0     	 1      	 1.192843       	 10          	 10          	 240          	 79.166667    	 1.960784     	 1
32.635	 0     	 2      	 1.192843       	 10          	 10          	 240          	 79.166667    	 0            	 1
33.138	 0     	 1      	 1.192843       	 10          	 10          	 240          	 79.166667    	 1.960784     	 0.997238
33.138	 0     	 2      	 1.073559       	 10          	 10          	 216          	 79.166667    	 0            	 0.997238
33.641	 0     	 1      	 1.192843       	 10          	 10          	 240          	 79.166667    	 1.960784     	 0.997238
33.641	 0     	 2      	 1.073559       	 10          	 10          	 216          	 79.166667    	 0            	 0.997238
34.144	 0     	 1      	 1.312127       	 10          	 10          	 264          	 79.166667    	 1.785714     	 0.990099
34.144	 0     	 2      	 1.073559       	 10          	 10          	 216          	 79.166667    	 0            	 0.990099
34.647	 0     	 1      	 1.192843       	 10          	 10          	 240          	 79.166667    	 1.960784     	 0.997238
34.647	 0     	 2      	 1.073559       	 10          	 10          	 216          	 79.166667    	 0            	 0.997238
35.15 	 0     	 1      	 1.192843       	 10          	 10          	 240          	 79.166667    	 1.960784     	 0.997238
35.15 	 0     	 2      	 1.073559       	 10          	 10          	 216          	 79.166667    	 0            	 0.997238
35.653	 0     	 1      	 1.192843       	 10          	 10          	 240          	 79.166667    	 1.960784     	 1
35.653	 0     	 2      	 1.192843       	 10          	 10          	 240          	 79.166667    	 0            	 1
36.156	 0     	 1      	 1.192843       	 10          	 10          	 240          	 79.166667    	 1.960784     	 0.997238
36.156	 0     	 2      	 1.073559       	 10          	 10          	 216          	 79.166667    	 0            	 0.997238
36.659	 0     	 1      	 1.192843       	 10          	 10          	 240          	 79.166667    	 1.960784     	 0.997238
36.659	 0     	 2      	 1.073559       	 10          	 10          	 216          	 79.166667    	 0            	 0.997238
37.162	 0     	 1      	 1.312127       	 10          	 10          	 264          	 79.166667    	 1.785714     	 0.990099
37.162	 0     	 2      	 1.073559       	 10          	 10          	 216          	 79.166667    	 0            	 0.990099
37.665	 0     	 1      	 1.192843       	 10          	 10          	 240          	 79.166667    	 1.960784     	 0.997238
37.665	 0     	 2      	 1.073559       	 10          	 10          	 216          	 79.166667    	 0            	 0.997238
38.168	 0     	 1      	 1.192843       	 10          	 10          	 240          	 79.166667    	 1.960784     	 0.997238
38.168	 0     	 2      	 1.073559       	 10          	 10          	 216          	 79.166667    	 0            	 0.997238
38.671	 0     	 1      	 1.192843       	 10          	 10          	 240          	 79.166667    	 1.960784     	 1
38.671	 0     	 2      	 1.192843       	 10          	 10          	 240          	 79.166667    	 0            	 1
39.174	 0     	 1      	 1.192843       	 10          	 10          	 240          	 79.166667    	 1.960784     	 0.997238
39.174	 0     	 2      	 1.073559       	 10          	 10          	 216          	 79.166667    	 0            	 0.997238
39.677	 0     	 1      	 1.312127       	 10          	 10          	 264          	 79.166667    	 1.785714     	 0.990099
39.677	 0     	 2      	 1.073559       	 10          	 10          	 216          	 79.166667    	 0            	 0.990099
40.18 	 0     	 1      	 1.192843       	 10          	 10          	 240          	 79.166667    	 1.960784     	 0.997238
40.18 	 0     	 2      	 1.073559       	 10          	 10          	 216          	 79.166667    	 0            	 0.997238
40.683	 0     	 1      	 1.192843       	 10          	 10          	 240          	 79.166667    	 1.960784     	 0.997238
40.683	 0     	 2      	 1.073559       	 10          	 10          	 216          	 79.166667    	 0            	 0.997238
41.186	 0     	 1      	 1.192843       	 10          	 10          	 240          	 79.166667    	 1.960784     	 1
41.186	 0     	 2      	 1.192843       	 10          	 10          	 240          	 79.166667    	 0            	 1
41.689	 0     	 1      	 1.192843       	 10          	 10          	 240          	 79.166667    	 1.960784     	 0.997238
41.689	 0     	 2      	 1.073559       	 10          	 10          	 216          	 79.166667    	 0            	 0.997238
42.192	 0     	 1      	 1.192843       	 10          	 10          	 240          	 79.166667    	 1.960784     	 0.997238
42.192	 0     	 2      	 1.073559       	 10          	 10          	 216          	 79.166667    	 0            	 0.997238
42.695	 0     	 1      	 1.312127       	 10          	 10          	 264          	 79.166667    	 1.785714     	 0.990099
42.695	 0     	 2      	 1.073559       	 10          	 10          	 216          	 79.166667    	 0            	 0.990099
43.198	 0     	 1      	 1.192843       	 10          	 10          	 240          	 79.166667    	 1.960784     	 0.997238
43.198	 0     	 2      	 1.073559       	 10          	 10          	 216          	 79.166667    	 0            	 0.997238
43.701	 0     	 1      	 1.192843       	 10          	 10          	 240          	 79.166667    	 1.960784     	 0.997238
43.701	 0     	 2      	 1.073559       	 10          	 10          	 216          	 79.166667    	 0            	 0.997238
44.204	 0     	 1      	 1.192843       	 10          	 10          	 240          	 79.166667    	 1.960784     	 1
44.204	 0     	 2      	 1.192843       	 10          	 10          	 240          	 79.166667    	 0            	 1
44.707	 0     	 1      	 1.192843       	 10          	 10          	 240          	 79.166667    	 1.960784     	 0.997238
44.707	 0     	 2      	 1.073559       	 10          	 10          	 216          	 79.166667    	 0            	 0.997238
45.21 	 0     	 1      	 1.192843       	 10          	 10          	 240          	 79.166667    	 1.960784     	 0.997238
45.21 	 0     	 2      	 1.073559       	 10          	 10          	 216          	 79.166667    	 0            	 0.997238
45.713	 0     	 1      	 1.312127       	 10          	 10          	 264          	 79.166667    	 1.785714     	 0.990099
45.713	 0     	 2      	 1.073559       	 10          	 10          	 216          	 79.166667    	 0            	 0.990099
46.216	 0     	 1      	 1.192843       	 10          	 10          	 240          	 79.166667    	 1.960784     	 0.997238
46.216	 0     	 2      	 1.073559       	 10          	 10          	 216          	 79.166667    	 0            	 0.997238
46.719	 0     	 1      	 1.192843       	 10          	 10          	 240          	 79.166667    	 1.960784     	 0.997238
46.719	 0     	 2      	 1.073559       	 10          	 10          	 216          	 79.166667    	 0            	 0.997238
47.222	 0     	 1      	 1.192843       	 10          	 10          	 240          	 79.166667    	 1.960784     	 1
47.222	 0     	 2      	 1.192843       	 10          	 10          	 240          	 79.166667    	 0            	 1
47.725	 0     	 1      	 1.192843       	 10          	 10          	 240          	 79.166667    	 1.960784     	 0.997238
47.725	 0     	 2      	 1.073559       	 10          	 10          	 216          	 79.166667    	 0            	 0.997238
48.228	 0     	 1      	 1.192843       	 10          	 10          	 240          	 79.166667    	 1.960784     	 0.997238
48.228	 0     	 2      	 1.073559       	 10          	 10          	 216          	 79.166667    	 0            	 0.997238
48.731	 0     	 1      	 1.312127       	 10          	 10          	 264          	 79.166667    	 1.785714     	 0.990099
48.731	 0     	 2      	 1.073559       	 10          	 10          	 216          	 79.166667    	 0            	 0.990099
49.234	 0     	 1      	 1.192843       	 10          	 10          	 240          	 79.166667    	 1.960784     	 0.997238
49.234	 0     	 2      	 1.073559       	 10          	 10          	 216          	 79.166667    	 0            	 0.997238
49.737	 0     	 1      	 1.192843       	 10          	 10          	 240          	 79.166667    	 1.960784     	 0.997238
49.737	 0     	 2      	 1.073559       	 10          	 10          	 216          	 79.166667    	 0            	 0.997238
50.24 	 0     	 1      	 1.192843       	 10          	 10          	 240          	 79.166667    	 1.960784     	 1
50.24 	 0     	 2      	 1.192843       	 10          	 10          	 240          	 79.166667    	 0            	 1
50.743	 0     	 1      	 1.192843       	 10          	 10          	 240          	 79.166667    	 1.960784     	 0.997238
50.743	 0     	 2      	 1.073559       	 10          	 10          	 216          	 79.166667    	 0            	 0.997238
51.246	 0     	 1      	 1.192843       	 10          	 10          	 240          	 79.166667    	 1.960784     	 0.997238
51.246	 0     	 2      	 1.073559       	 10          	 10          	 216          	 79.166667    	 0            	 0.997238
51.749	 0     	 1      	 1.312127       	 10          	 10          	 264          	 79.166667    	 1.785714     	 0.990099
51.749	 0     	 2      	 1.073559       	 10          	 10          	 216          	 79.166667    	 0            	 0.990099
52.252	 0     	 1      	 1.192843       	 10          	 10          	 240          	 79.166667    	 1.960784     	 0.997238
52.252	 0     	 2      	 1.073559       	 10          	 10          	 216          	 79.166667    	 0            	 0.997238
52.755	 0     	 1      	 1.192843       	 10          	 10          	 240          	 79.166667    	 1.960784     	 1
52.755	 0     	 2      	 1.192843       	 10          	 10          	 240          	 79.166667    	 0            	 1
53.258	 0     	 1      	 1.192843       	 10          	 10          	 240          	 79.166667    	 1.960784     	 0.997238
53.258	 0     	 2      	 1.073559       	 10          	 10          	 216          	 79.166667    	 0            	 0.997238
53.761	 0     	 1      	 1.192843       	 10          	 10          	 240          	 79.166667    	 1.960784     	 0.997238
53.761	 0     	 2      	 1.073559       	 10          	 10          	 216          	 79.166667    	 0            	 0.997238
54.264	 0     	 1      	 1.312127       	 10          	 10          	 264          	 79.166667    	 1.785714     	 0.990099
54.264	 0     	 2      	 1.073559       	 10          	 10          	 216          	 79.166667    	 0            	 0.990099
54.767	 0     	 1      	 1.192843       	 10          	 10          	 240          	 79.166667    	 1.960784     	 0.997238
54.767	 0     	 2      	 1.073559       	 10          	 10          	 216          	 79.166667    	 0            	 0.997238
55.27 	 0     	 1      	 1.192843       	 10          	 10          	 240          	 79.166667    	 1.960784     	 0.997238
55.27 	 0     	 2      	 1.073559       	 10          	 10          	 216          	 79.166667    	 0            	 0.997238
55.773	 0     	 1      	 1.192843       	 10          	 10          	 240          	 79.166667    	 1.960784     	 1
55.773	 0     	 2      	 1.192843       	 10          	 10          	 240          	 79.166667    	 0            	 1
56.276	 0     	 1      	 1.192843       	 10          	 10          	 240          	 79.166667    	 1.960784     	 0.997238
56.276	 0     	 2      	 1.073559       	 10          	 10          	 216          	 79.166667    	 0            	 0.997238
56.779	 0     	 1      	 1.192843       	 10          	 10          	 240          	 79.166667    	 1.960784     	 0.997238
56.779	 0     	 2      	 1.073559       	 10          	 10          	 216          	 79.166667    	 0            	 0.997238
57.282	 0     	 1      	 1.312127       	 10          	 10          	 264          	 79.166667    	 1.785714     	 0.990099
57.282	 0     	 2      	 1.073559       	 10          	 10          	 216          	 79.166667    	 0            	 0.990099
57.785	 0     	 1      	 1.192843       	 10          	 10          	 240          	 79.166667    	 1.960784     	 0.997238
57.785	 0     	 2      	 1.073559       	 10          	 10          	 216          	 79.166667    	 0            	 0.997238
58.288	 0     	 1      	 1.192843       	 10          	 10          	 240          	 79.166667    	 1.960784     	 0.997238
58.288	 0     	 2      	 1.073559       	 10          	 10          	 216          	 79.166667    	 0            	 0.997238
58.791	 0     	 1      	 1.312127       	 10          	 10          	 264          	 79.166667    	 3.508772     	 0.990099
58.791	 0     	 2      	 1.073559       	 10          	 10          	 216          	 79.166667    	 0            	 0.990099
59.294	 0     	 1      	 1.192843       	 10          	 10          	 240          	 79.166667    	 1.960784     	 0.997238
59.294	 0     	 2      	 1.073559       	 10          	 10          	 216          	 79.166667    	 0            	 0.997238
time_s	 sat_id	 beam_id	 throughput_mbps	 avg_delay_ms	 max_delay_ms	 dwell_time_ms	 slot_util_pct	 drop_rate_pct	 jain_fairness_index
10.503	 0     	 1      	 0.039989       	 10          	 10          	 168          	 79.166667    	 2.777778     	 0.654079
10.503	 0     	 2      	 0.034276       	 10          	 10          	 144          	 79.166667    	 0            	 0.654079
10.503	 0     	 3      	 0.034276       	 10          	 10          	 144          	 79.166667    	 0            	 0.654079
10.503	 0     	 4      	 0.0078         	 20          	 20          	 120          	 37.5         	 0            	 0.654079
10.503	 0     	 5      	 0.0078         	 20          	 20          	 120          	 37.5         	 0            	 0.654079
10.503	 0     	 6      	 0.0078         	 20          	 20          	 120          	 37.5         	 0            	 0.654079
10.503	 0     	 7      	 0.00624        	 20          	 20          	 96           	 37.5         	 0            	 0.654079
11.006	 0     	 1      	 0.83499        	 10          	 10          	 168          	 79.166667    	 2.777778     	 0.654009
11.006	 0     	 2      	 0.715706       	 10          	 10          	 144          	 79.166667    	 0            	 0.654009
11.006	 0     	 3      	 0.83499        	 10          	 10          	 168          	 79.166667    	 0            	 0.654009
11.006	 0     	 4      	 0.162863       	 20          	 20          	 120          	 37.5         	 0            	 0.654009
11.006	 0     	 5      	 0.195435       	 20          	 20          	 144          	 37.5         	 0            	 0.654009
11.006	 0     	 6      	 0.162863       	 20          	 20          	 120          	 37.5         	 0            	 0.654009
11.006	 0     	 7      	 0.13029        	 20          	 20          	 96           	 37.5         	 0            	 0.654009
11.509	 0     	 1      	 0.83499        	 10          	 10          	 168          	 79.166667    	 2.777778     	 0.654079
11.509	 0     	 2      	 0.715706       	 10          	 10          	 144          	 79.166667    	 0            	 0.654079
11.509	 0     	 3      	 0.715706       	 10          	 10          	 144          	 79.166667    	 0            	 0.654079
11.509	 0     	 4      	 0.162863       	 20          	 20          	 120          	 37.5         	 0            	 0.654079
11.509	 0     	 5      	 0.162863       	 20          	 20          	 120          	 37.5         	 0            	 0.654079
11.509	 0     	 6      	 0.162863       	 20          	 20          	 120          	 37.5         	 0            	 0.654079
11.509	 0     	 7      	 0.13029        	 20          	 20          	 96           	 37.5         	 0            	 0.654079
12.012	 0     	 1      	 0.83499        	 10          	 10          	 168          	 79.166667    	 2.777778     	 0.654079
12.012	 0     	 2      	 0.715706       	 10          	 10          	 144          	 79.166667    	 0            	 0.654079
12.012	 0     	 3      	 0.715706       	 10          	 10          	 144          	 79.166667    	 0            	 0.654079
12.012	 0     	 4      	 0.162863       	 20          	 20          	 120          	 37.5         	 0            	 0.654079
12.012	 0     	 5      	 0.162863       	 20          	 20          	 120          	 37.5         	 0            	 0.654079
12.012	 0     	 6      	 0.162863       	 20          	 20          	 120          	 37.5         	 0            	 0.654079
12.012	 0     	 7      	 0.13029        	 20          	 20          	 96           	 37.5         	 0            	 0.654079
12.515	 0     	 1      	 0.954274       	 10          	 10          	 192          	 79.166667    	 2.439024     	 0.6449
12.515	 0     	 2      	 0.715706       	 10          	 10          	 144          	 79.166667    	 0            	 0.6449
12.515	 0     	 3      	 0.715706       	 10          	 10          	 144          	 79.166667    	 0            	 0.6449
12.515	 0     	 4      	 0.162863       	 20          	 20          	 120          	 37.5         	 0            	 0.6449
12.515	 0     	 5      	 0.162863       	 20          	 20          	 120          	 37.5         	 0            	 0.6449
12.515	 0     	 6      	 0.195435       	 20          	 20          	 144          	 37.5         	 0            	 0.6449
12.515	 0     	 7      	 0.13029        	 20          	 20          	 96           	 37.5         	 0            	 0.6449
13.018	 0     	 1      	 0.83499        	 10          	 10          	 168          	 79.166667    	 2.777778     	 0.654079
13.018	 0     	 2      	 0.715706       	 10          	 10          	 144          	 79.166667    	 0            	 0.654079
13.018	 0     	 3      	 0.715706       	 10          	 10          	 144          	 79.166667    	 0            	 0.654079
13.018	 0     	 4      	 0.162863       	 20          	 20          	 120          	 37.5         	 0            	 0.654079
13.018	 0     	 5      	 0.162863       	 20          	 20          	 120          	 37.5         	 0            	 0.654079
13.018	 0     	 6      	 0.162863       	 20          	 20          	 120          	 37.5         	 0            	 0.654079
13.018	 0     	 7      	 0.13029        	 20          	 20          	 96           	 37.5         	 0            	 0.654079
13.521	 0     	 1      	 0.83499        	 10          	 10          	 168          	 79.166667    	 2.777778     	 0.654698
13.521	 0     	 2      	 0.83499        	 10          	 10          	 168          	 79.166667    	 0            	 0.654698
13.521	 0     	 3      	 0.715706       	 10          	 10          	 144          	 79.166667    	 0            	 0.654698
13.521	 0     	 4      	 0.162863       	 20          	 20          	 120          	 37.5         	 0            	 0.654698
13.521	 0     	 5      	 0.162863       	 20          	 20          	 120          	 37.5         	 0            	 0.654698
13.521	 0     	 6      	 0.162863       	 20          	 20          	 120          	 37.5         	 0            	 0.654698
13.521	 0     	 7      	 0.162863       	 20          	 20          	 120          	 37.5         	 0            	 0.654698
14.024	 0     	 1      	 0.83499        	 10          	 10          	 168          	 79.166667    	 2.777778     	 0.654079
14.024	 0     	 2      	 0.715706       	 10          	 10          	 144          	 79.166667    	 0            	 0.654079
14.024	 0     	 3      	 0.715706       	 10          	 10          	 144          	 79.166667    	 0            	 0.654079
14.024	 0     	 4      	 0.162863       	 20          	 20          	 120          	 37.5         	 0            	 0.654079
14.024	 0     	 5      	 0.162863       	 20          	 20          	 120          	 37.5         	 0            	 0.654079
14.024	 0     	 6      	 0.162863       	 20          	 20          	 120          	 37.5         	 0            	 0.654079
14.024	 0     	 7      	 0.13029        	 20          	 20          	 96           	 37.5         	 0            	 0.654079
14.527	 0     	 1      	 0.83499        	 10          	 10          	 168          	 79.166667    	 2.777778     	 0.654079
14.527	 0     	 2      	 0.715706       	 10          	 10          	 144          	 79.166667    	 0            	 0.654079
14.527	 0     	 3      	 0.715706       	 10          	 10          	 144          	 79.166667    	 0            	 0.654079
14.527	 0     	 4      	 0.162863       	 20          	 20          	 120          	 37.5         	 0            	 0.654079
14.527	 0     	 5      	 0.162863       	 20          	 20          	 120          	 37.5         	 0            	 0.654079
14.527	 0     	 6      	 0.162863       	 20          	 20          	 120          	 37.5         	 0            	 0.654079
14.527	 0     	 7      	 0.13029        	 20          	 20          	 96           	 37.5         	 0            	 0.654079
15.03 	 0     	 1      	 0.83499        	 10          	 10          	 168          	 79.166667    	 2.777778     	 0.654009
15.03 	 0     	 2      	 0.715706       	 10          	 10          	 144          	 79.166667    	 0            	 0.654009
15.03 	 0     	 3      	 0.83499        	 10          	 10          	 168          	 79.166667    	 0            	 0.654009
15.03 	 0     	 4      	 0.195435       	 20          	 20          	 144          	 37.5         	 0            	 0.654009
15.03 	 0     	 5      	 0.162863       	 20          	 20          	 120          	 37.5         	 0            	 0.654009
15.03 	 0     	 6      	 0.162863       	 20          	 20          	 120          	 37.5         	 0            	 0.654009
15.03 	 0     	 7      	 0.13029        	 20          	 20          	 96           	 37.5         	 0            	 0.654009
15.533	 0     	 1      	 0.83499        	 10          	 10          	 168          	 79.166667    	 2.777778     	 0.654079
15.533	 0     	 2      	 0.715706       	 10          	 10          	 144          	 79.166667    	 0            	 0.654079
15.533	 0     	 3      	 0.715706       	 10          	 10          	 144          	 79.166667    	 0            	 0.654079
15.533	 0     	 4      	 0.162863       	 20          	 20          	 120          	 37.5         	 0            	 0.654079
15.533	 0     	 5      	 0.162863       	 20          	 20          	 120          	 37.5         	 0            	 0.654079
15.533	 0     	 6      	 0.162863       	 20          	 20          	 120          	 37.5         	 0            	 0.654079
15.533	 0     	 7      	 0.13029        	 20          	 20          	 96           	 37.5         	 0            	 0.654079
16.036	 0     	 1      	 0.83499        	 10          	 10          	 168          	 79.166667    	 2.777778     	 0.654079
16.036	 0     	 2      	 0.715706       	 10          	 10          	 144          	 79.166667    	 0            	 0.654079
16.036	 0     	 3      	 0.715706       	 10          	 10          	 144          	 79.166667    	 0            	 0.654079
16.036	 0     	 4      	 0.162863       	 20          	 20          	 120          	 37.5         	 0            	 0.654079
16.036	 0     	 5      	 0.162863       	 20          	 20          	 120          	 37.5         	 0            	 0.654079
16.036	 0     	 6      	 0.162863       	 20          	 20          	 120          	 37.5         	 0            	 0.654079
16.036	 0     	 7      	 0.13029        	 20          	 20          	 96           	 37.5         	 0            	 0.654079
16.539	 0     	 1      	 0.954274       	 10          	 10          	 192          	 79.166667    	 2.439024     	 0.6449
16.539	 0     	 2      	 0.715706       	 10          	 10          	 144          	 79.166667    	 0            	 0.6449
16.539	 0     	 3      	 0.715706       	 10          	 10          	 144          	 79.166667    	 0            	 0.6449
16.539	 0     	 4      	 0.162863       	 20          	 20          	 120          	 37.5         	 0            	 0.6449
16.539	 0     	 5      	 0.195435       	 20          	 20          	 144          	 37.5         	 0            	 0.6449
16.539	 0     	 6      	 0.162863       	 20          	 20          	 120          	 37.5         	 0            	 0.6449
16.539	 0     	 7      	 0.13029        	 20          	 20          	 96           	 37.5         	 0            	 0.6449
17.042	 0     	 1      	 0.83499        	 10          	 10          	 168          	 79.166667    	 2.777778     	 0.654079
17.042	 0     	 2      	 0.715706       	 10          	 10          	 144          	 79.166667    	 0            	 0.654079
17.042	 0     	 3      	 0.715706       	 10          	 10          	 144          	 79.166667    	 0            	 0.654079
17.042	 0     	 4      	 0.162863       	 20          	 20          	 120          	 37.5         	 0            	 0.654079
17.042	 0     	 5      	 0.162863       	 20          	 20          	 120          	 37.5         	 0            	 0.654079
17.042	 0     	 6      	 0.162863       	 20          	 20          	 120          	 37.5         	 0            	 0.654079
17.042	 0     	 7      	 0.13029        	 20          	 20          	 96           	 37.5         	 0            	 0.654079
17.545	 0     	 1      	 0.83499        	 10          	 10          	 168          	 79.166667    	 2.777778     	 0.654079
17.545	 0     	 2      	 0.715706       	 10          	 10          	 144          	 79.166667    	 0            	 0.654079
17.545	 0     	 3      	 0.715706       	 10          	 10          	 144          	 79.166667    	 0            	 0.654079
17.545	 0     	 4      	 0.162863       	 20          	 20          	 120          	 37.5         	 0            	 0.654079
17.545	 0     	 5      	 0.162863       	 20          	 20          	 120          	 37.5         	 0            	 0.654079
17.545	 0     	 6      	 0.162863       	 20          	 20          	 120          	 37.5         	 0            	 0.654079
17.545	 0     	 7      	 0.13029        	 20          	 20          	 96           	 37.5         	 0            	 0.654079
18.048	 0     	 1      	 0.83499        	 10          	 10          	 168          	 79.166667    	 2.777778     	 0.654009
18.048	 0     	 2      	 0.83499        	 10          	 10          	 168          	 79.166667    	 0            	 0.654009
18.048	 0     	 3      	 0.715706       	 10          	 10          	 144          	 79.166667    	 0            	 0.654009
18.048	 0     	 4      	 0.162863       	 20          	 20          	 120          	 37.5         	 0            	 0.654009
18.048	 0     	 5      	 0.162863       	 20          	 20          	 120          	 37.5         	 0            	 0.654009
18.048	 0     	 6      	 0.195435       	 20          	 20          	 144          	 37.5         	 0            	 0.654009
18.048	 0     	 7      	 0.13029        	 20          	 20          	 96           	 37.5         	 0            	 0.654009
18.551	 0     	 1      	 0.83499        	 10          	 10          	 168          	 79.166667    	 2.777778     	 0.654079
18.551	 0     	 2      	 0.715706       	 10          	 10          	 144          	 79.166667    	 0            	 0.654079
18.551	 0     	 3      	 0.715706       	 10          	 10          	 144          	 79.166667    	 0            	 0.654079
18.551	 0     	 4      	 0.162863       	 20          	 20          	 120          	 37.5         	 0            	 0.654079
18.551	 0     	 5      	 0.162863       	 20          	 20          	 120          	 37.5         	 0            	 0.654079
18.551	 0     	 6      	 0.162863       	 20          	 20          	 120          	 37.5         	 0            	 0.654079
18.551	 0     	 7      	 0.13029        	 20          	 20          	 96           	 37.5         	 0            	 0.654079
19.054	 0     	 1      	 0.83499        	 10          	 10          	 168          	 79.166667    	 2.777778     	 0.654079
19.054	 0     	 2      	 0.715706       	 10          	 10          	 144          	 79.166667    	 0            	 0.654079
19.054	 0     	 3      	 0.715706       	 10          	 10          	 144          	 79.166667    	 0            	 0.654079
19.054	 0     	 4      	 0.162863       	 20          	 20          	 120          	 37.5         	 0            	 0.654079
19.054	 0     	 5      	 0.162863       	 20          	 20          	 120          	 37.5         	 0            	 0.654079
19.054	 0     	 6      	 0.162863       	 20          	 20          	 120          	 37.5         	 0            	 0.654079
19.054	 0     	 7      	 0.13029        	 20          	 20          	 96           	 37.5         	 0            	 0.654079
19.557	 0     	 1      	 0.83499        	 10          	 10          	 168          	 79.166667    	 2.777778     	 0.654698
19.557	 0     	 2      	 0.715706       	 10          	 10          	 144          	 79.166667    	 0            	 0.654698
19.557	 0     	 3      	 0.83499        	 10          	 10          	 168          	 79.166667    	 0            	 0.654698
19.557	 0     	 4      	 0.162863       	 20          	 20          	 120          	 37.5         	 0            	 0.654698
19.557	 0     	 5      	 0.162863       	 20          	 20          	 120          	 37.5         	 0            	 0.654698
19.557	 0     	 6      	 0.162863       	 20          	 20          	 120          	 37.5         	 0            	 0.654698
19.557	 0     	 7      	 0.162863       	 20          	 20          	 120          	 37.5         	 0            	 0.654698
20.06 	 0     	 1      	 0.83499        	 10          	 10          	 168          	 79.166667    	 2.777778     	 0.654079
20.06 	 0     	 2      	 0.715706       	 10          	 10          	 144          	 79.166667    	 0            	 0.654079
20.06 	 0     	 3      	 0.715706       	 10          	 10          	 144          	 79.166667    	 0            	 0.654079
20.06 	 0     	 4      	 0.162863       	 20          	 20          	 120          	 37.5         	 0            	 0.654079
20.06 	 0     	 5      	 0.162863       	 20          	 20          	 120          	 37.5         	 0            	 0.654079
20.06 	 0     	 6      	 0.162863       	 20          	 20          	 120          	 37.5         	 0            	 0.654079
20.06 	 0     	 7      	 0.13029        	 20          	 20          	 96           	 37.5         	 0            	 0.654079
20.563	 0     	 1      	 0.83499        	 10          	 10          	 168          	 79.166667    	 2.777778     	 0.654079
20.563	 0     	 2      	 0.715706       	 10          	 10          	 144          	 79.166667    	 0            	 0.654079
20.563	 0     	 3      	 0.715706       	 10          	 10          	 144          	 79.166667    	 0            	 0.654079
20.563	 0     	 4      	 0.162863       	 20          	 20          	 120          	 37.5         	 0            	 0.654079
20.563	 0     	 5      	 0.162863       	 20          	 20          	 120          	 37.5         	 0            	 0.654079
20.563	 0     	 6      	 0.162863       	 20          	 20          	 120          	 37.5         	 0            	 0.654079
20.563	 0     	 7      	 0.13029        	 20          	 20          	 96           	 37.5         	 0            	 0.654079
21.066	 0     	 1      	 0.954274       	 10          	 10          	 192          	 79.166667    	 2.439024     	 0.6449
21.066	 0     	 2      	 0.715706       	 10          	 10          	 144          	 79.166667    	 0            	 0.6449
21.066	 0     	 3      	 0.715706       	 10          	 10          	 144          	 79.166667    	 0            	 0.6449
21.066	 0     	 4      	 0.195435       	 20          	 20          	 144          	 37.5         	 0            	 0.6449
21.066	 0     	 5      	 0.162863       	 20          	 20          	 120          	 37.5         	 0            	 0.6449
21.066	 0     	 6      	 0.162863       	 20          	 20          	 120          	 37.5         	 0            	 0.6449
21.066	 0     	 7      	 0.13029        	 20          	 20          	 96           	 37.5         	 0            	 0.6449
21.569	 0     	 1      	 0.83499        	 10          	 10          	 168          	 79.166667    	 2.777778     	 0.654079
21.569	 0     	 2      	 0.715706       	 10          	 10          	 144          	 79.166667    	 0            	 0.654079
21.569	 0     	 3      	 0.715706       	 10          	 10          	 144          	 79.166667    	 0            	 0.654079
21.569	 0     	 4      	 0.162863       	 20          	 20          	 120          	 37.5         	 0            	 0.654079
21.569	 0     	 5      	 0.162863       	 20          	 20          	 120          	 37.5         	 0            	 0.654079
21.569	 0     	 6      	 0.162863       	 20          	 20          	 120          	 37.5         	 0            	 0.654079
21.569	 0     	 7      	 0.13029        	 20          	 20          	 96           	 37.5         	 0            	 0.654079
22.072	 0     	 1      	 0.83499        	 10          	 10          	 168          	 79.166667    	 2.777778     	 0.654079
22.072	 0     	 2      	 0.715706       	 10          	 10          	 144          	 79.166667    	 0            	 0.654079
22.072	 0     	 3      	 0.715706       	 10          	 10          	 144          	 79.166667    	 0            	 0.654079
22.072	 0     	 4      	 0.162863       	 20          	 20          	 120          	 37.5         	 0            	 0.654079
22.072	 0     	 5      	 0.162863       	 20          	 20          	 120          	 37.5         	 0            	 0.654079
22.072	 0     	 6      	 0.162863       	 20          	 20          	 120          	 37.5         	 0            	 0.654079
22.072	 0     	 7      	 0.13029        	 20          	 20          	 96           	 37.5         	 0            	 0.654079
22.575	 0     	 1      	 0.83499        	 10          	 10          	 168          	 79.166667    	 2.777778     	 0.654009
22.575	 0     	 2      	 0.83499        	 10          	 10          	 168          	 79.166667    	 0            	 0.654009
22.575	 0     	 3      	 0.715706       	 10          	 10          	 144          	 79.166667    	 0            	 0.654009
22.575	 0     	 4      	 0.162863       	 20          	 20          	 120          	 37.5         	 0            	 0.654009
22.575	 0     	 5      	 0.195435       	 20          	 20          	 144          	 37.5         	 0            	 0.654009
22.575	 0     	 6      	 0.162863       	 20          	 20          	 120          	 37.5         	 0            	 0.654009
22.575	 0     	 7      	 0.13029        	 20          	 20          	 96           	 37.5         	 0            	 0.654009
23.078	 0     	 1      	 0.83499        	 10          	 10          	 168          	 79.166667    	 2.777778     	 0.654079
23.078	 0     	 2      	 0.715706       	 10          	 10          	 144          	 79.166667    	 0            	 0.654079
23.078	 0     	 3      	 0.715706       	 10          	 10          	 144          	 79.166667    	 0            	 0.654079
23.078	 0     	 4      	 0.162863       	 20          	 20          	 120          	 37.5         	 0            	 0.654079
23.078	 0     	 5      	 0.162863       	 20          	 20          	 120          	 37.5         	 0            	 0.654079
23.078	 0     	 6      	 0.162863       	 20          	 20          	 120          	 37.5         	 0            	 0.654079
23.078	 0     	 7      	 0.13029        	 20          	 20          	 96           	 37.5         	 0            	 0.654079
23.581	 0     	 1      	 0.83499        	 10          	 10          	 168          	 79.166667    	 2.777778     	 0.654079
23.581	 0     	 2      	 0.715706       	 10          	 10          	 144          	 79.166667    	 0            	 0.654079
23.581	 0     	 3      	 0.715706       	 10          	 10          	 144          	 79.166667    	 0            	 0.654079
23.581	 0     	 4      	 0.162863       	 20          	 20          	 120          	 37.5         	 0            	 0.654079
23.581	 0     	 5      	 0.162863       	 20          	 20          	 120          	 37.5         	 0            	 0.654079
23.581	 0     	 6      	 0.162863       	 20          	 20          	 120          	 37.5         	 0            	 0.654079
23.581	 0     	 7      	 0.13029        	 20          	 20          	 96           	 37.5         	 0            	 0.654079
24.084	 0     	 1      	 0.83499        	 10          	 10          	 168          	 79.166667    	 2.777778     	 0.654009
24.084	 0     	 2      	 0.715706       	 10          	 10          	 144          	 79.166667    	 0            	 0.654009
24.084	 0     	 3      	 0.83499        	 10          	 10          	 168          	 79.166667    	 0            	 0.654009
24.084	 0     	 4      	 0.162863       	 20          	 20          	 120          	 37.5         	 0            	 0.654009
24.084	 0     	 5      	 0.162863       	 20          	 20          	 120          	 37.5         	 0            	 0.654009
24.084	 0     	 6      	 0.195435       	 20          	 20          	 144          	 37.5         	 0            	 0.654009
24.084	 0     	 7      	 0.13029        	 20          	 20          	 96           	 37.5         	 0            	 0.654009
24.587	 0     	 1      	 0.83499        	 10          	 10          	 168          	 79.166667    	 2.777778     	 0.654079
24.587	 0     	 2      	 0.715706       	 10          	 10          	 144          	 79.166667    	 0            	 0.654079
24.587	 0     	 3      	 0.715706       	 10          	 10          	 144          	 79.166667    	 0            	 0.654079
24.587	 0     	 4      	 0.162863       	 20          	 20          	 120          	 37.5         	 0            	 0.654079
24.587	 0     	 5      	 0.162863       	 20          	 20          	 120          	 37.5         	 0            	 0.654079
24.587	 0     	 6      	 0.162863       	 20          	 20          	 120          	 37.5         	 0            	 0.654079
24.587	 0     	 7      	 0.13029        	 20          	 20          	 96           	 37.5         	 0            	 0.654079
25.09 	 0     	 1      	 0.83499        	 10          	 10          	 168          	 79.166667    	 2.777778     	 0.654079
25.09 	 0     	 2      	 0.715706       	 10          	 10          	 144          	 79.166667    	 0            	 0.654079
25.09 	 0     	 3      	 0.715706       	 10          	 10          	 144          	 79.166667    	 0            	 0.654079
25.09 	 0     	 4      	 0.162863       	 20          	 20          	 120          	 37.5         	 0            	 0.654079
25.09 	 0     	 5      	 0.162863       	 20          	 20          	 120          	 37.5         	 0            	 0.654079
25.09 	 0     	 6      	 0.162863       	 20          	 20          	 120          	 37.5         	 0            	 0.654079
25.09 	 0     	 7      	 0.13029        	 20          	 20          	 96           	 37.5         	 0            	 0.654079
25.593	 0     	 1      	 0.954274       	 10          	 10          	 192          	 79.166667    	 2.439024     	 0.645571
25.593	 0     	 2      	 0.715706       	 10          	 10          	 144          	 79.166667    	 0            	 0.645571
25.593	 0     	 3      	 0.715706       	 10          	 10          	 144          	 79.166667    	 0            	 0.645571
25.593	 0     	 4      	 0.162863       	 20          	 20          	 120          	 37.5         	 0            	 0.645571
25.593	 0     	 5      	 0.162863       	 20          	 20          	 120          	 37.5         	 0            	 0.645571
25.593	 0     	 6      	 0.162863       	 20          	 20          	 120          	 37.5         	 0            	 0.645571
25.593	 0     	 7      	 0.162863       	 20          	 20          	 120          	 37.5         	 0            	 0.645571
26.096	 0     	 1      	 0.83499        	 10          	 10          	 168          	 79.166667    	 2.777778     	 0.654079
26.096	 0     	 2      	 0.715706       	 10          	 10          	 144          	 79.166667    	 0            	 0.654079
26.096	 0     	 3      	 0.715706       	 10          	 10          	 144          	 79.166667    	 0            	 0.654079
26.096	 0     	 4      	 0.162863       	 20          	 20          	 120          	 37.5         	 0            	 0.654079
26.096	 0     	 5      	 0.162863       	 20          	 20          	 120          	 37.5         	 0            	 0.654079
26.096	 0     	 6      	 0.162863       	 20          	 20          	 120          	 37.5         	 0            	 0.654079
26.096	 0     	 7      	 0.13029        	 20          	 20          	 96           	 37.5         	 0            	 0.654079
26.599	 0     	 1      	 0.83499        	 10          	 10          	 168          	 79.166667    	 2.777778     	 0.654009
26.599	 0     	 2      	 0.83499        	 10          	 10          	 168          	 79.166667    	 0            	 0.654009
26.599	 0     	 3      	 0.715706       	 10          	 10          	 144          	 79.166667    	 0            	 0.654009
26.599	 0     	 4      	 0.195435       	 20          	 20          	 144          	 37.5         	 0            	 0.654009
26.599	 0     	 5      	 0.162863       	 20          	 20          	 120          	 37.5         	 0            	 0.654009
26.599	 0     	 6      	 0.162863       	 20          	 20          	 120          	 37.5         	 0            	 0.654009
26.599	 0     	 7      	 0.13029        	 20          	 20          	 96           	 37.5         	 0            	 0.654009
27.102	 0     	 1      	 0.83499        	 10          	 10          	 168          	 79.166667    	 2.777778     	 0.654079
27.102	 0     	 2      	 0.715706       	 10          	 10          	 144          	 79.166667    	 0            	 0.654079
27.102	 0     	 3      	 0.715706       	 10          	 10          	 144          	 79.166667    	 0            	 0.654079
27.102	 0     	 4      	 0.162863       	 20          	 20          	 120          	 37.5         	 0            	 0.654079
27.102	 0     	 5      	 0.162863       	 20          	 20          	 120          	 37.5         	 0            	 0.654079
27.102	 0     	 6      	 0.162863       	 20          	 20          	 120          	 37.5         	 0            	 0.654079
27.102	 0     	 7      	 0.13029        	 20          	 20          	 96           	 37.5         	 0            	 0.654079
27.605	 0     	 1      	 0.83499        	 10          	 10          	 168          	 79.166667    	 2.777778     	 0.654079
27.605	 0     	 2      	 0.715706       	 10          	 10          	 144          	 79.166667    	 0            	 0.654079
27.605	 0     	 3      	 0.715706       	 10          	 10          	 144          	 79.166667    	 0            	 0.654079
27.605	 0     	 4      	 0.162863       	 20          	 20          	 120          	 37.5         	 0            	 0.654079
27.605	 0     	 5      	 0.162863       	 20          	 20          	 120          	 37.5         	 0            	 0.654079
27.605	 0     	 6      	 0.162863       	 20          	 20          	 120          	 37.5         	 0            	 0.654079
27.605	 0     	 7      	 0.13029        	 20          	 20          	 96           	 37.5         	 0            	 0.654079
28.108	 0     	 1      	 0.83499        	 10          	 10          	 168          	 79.166667    	 2.777778     	 0.654009
28.108	 0     	 2      	 0.715706       	 10          	 10          	 144          	 79.166667    	 0            	 0.654009
28.108	 0     	 3      	 0.83499        	 10          	 10          	 168          	 79.166667    	 0            	 0.654009
28.108	 0     	 4      	 0.162863       	 20          	 20          	 120          	 37.5         	 0            	 0.654009
28.108	 0     	 5      	 0.195435       	 20          	 20          	 144          	 37.5         	 0            	 0.654009
28.108	 0     	 6      	 0.162863       	 20          	 20          	 120          	 37.5         	 0            	 0.654009
28.108	 0     	 7      	 0.13029        	 20          	 20          	 96           	 37.5         	 0            	 0.654009
28.611	 0     	 1      	 0.83499        	 10          	 10          	 168          	 79.166667    	 2.777778     	 0.654079
28.611	 0     	 2      	 0.715706       	 10          	 10          	 144          	 79.166667    	 0            	 0.654079
28.611	 0     	 3      	 0.715706       	 10          	 10          	 144          	 79.166667    	 0            	 0.654079
28.611	 0     	 4      	 0.162863       	 20          	 20          	 120          	 37.5         	 0            	 0.654079
28.611	 0     	 5      	 0.162863       	 20          	 20          	 120          	 37.5         	 0            	 0.654079
28.611	 0     	 6      	 0.162863       	 20          	 20          	 120          	 37.5         	 0            	 0.654079
28.611	 0     	 7      	 0.13029        	 20          	 20          	 96           	 37.5         	 0            	 0.654079
29.114	 0     	 1      	 0.83499        	 10          	 10          	 168          	 79.166667    	 2.777778     	 0.654079
29.114	 0     	 2      	 0.715706       	 10          	 10          	 144          	 79.166667    	 0            	 0.654079
29.114	 0     	 3      	 0.715706       	 10          	 10          	 144          	 79.166667    	 0            	 0.654079
29.114	 0     	 4      	 0.162863       	 20          	 20          	 120          	 37.5         	 0            	 0.654079
29.114	 0     	 5      	 0.162863       	 20          	 20          	 120          	 37.5         	 0            	 0.654079
29.114	 0     	 6      	 0.162863       	 20          	 20          	 120          	 37.5         	 0            	 0.654079
29.114	 0     	 7      	 0.13029        	 20          	 20          	 96           	 37.5         	 0            	 0.654079
29.617	 0     	 1      	 0.954274       	 10          	 10          	 192          	 79.166667    	 2.439024     	 0.6449
29.617	 0     	 2      	 0.715706       	 10          	 10          	 144          	 79.166667    	 0            	 0.6449
29.617	 0     	 3      	 0.715706       	 10          	 10          	 144          	 79.166667    	 0            	 0.6449
29.617	 0     	 4      	 0.162863       	 20          	 20          	 120          	 37.5         	 0            	 0.6449
29.617	 0     	 5      	 0.162863       	 20          	 20          	 120          	 37.5         	 0            	 0.6449
29.617	 0     	 6      	 0.195435       	 20          	 20          	 144          	 37.5         	 0            	 0.6449
29.617	 0     	 7      	 0.13029        	 20          	 20          	 96           	 37.5         	 0            	 0.6449
0     	 0     	 1      	 0              	 10          	 10          	 120          	 79.166667    	 3.846154     	 1
0     	 0     	 2      	 0              	 10          	 10          	 120          	 79.166667    	 0            	 1
0     	 0     	 3      	 0              	 10          	 10          	 96           	 79.166667    	 0            	 1
0     	 0     	 4      	 0              	 20          	 20          	 96           	 37.5         	 0            	 1
0     	 0     	 5      	 0              	 20          	 20          	 96           	 37.5         	 0            	 1
0     	 0     	 6      	 0              	 20          	 20          	 72           	 37.5         	 0            	 1
0     	 0     	 7      	 0              	 20          	 20          	 72           	 37.5         	 0            	 1
0     	 0     	 1      	 0              	 0           	 0           	 0            	 0            	 0            	 1
0     	 0     	 2      	 0              	 0           	 0           	 0            	 0            	 0            	 1
0     	 0     	 3      	 0              	 0           	 0           	 0            	 0            	 0            	 1
0     	 0     	 4      	 0              	 0           	 0           	 0            	 0            	 0            	 1
0     	 0     	 5      	 0              	 0           	 0           	 0            	 0            	 0            	 1
0     	 0     	 6      	 0              	 0           	 0           	 0            	 0            	 0            	 1
0     	 0     	 7      	 0              	 0           	 0           	 0            	 0            	 0            	 1
